SquareFeet,Bedrooms,Bathrooms,Neighborhood,YearBuilt,Price
2294,2,1,1,1996,206786.7872
2130,5,2,2,2001,272436.2391
2095,2,3,2,2020,198208.8039
2724,2,1,2,1993,343429.3191
1121,5,2,1,2004,95961.92601
1330,2,2,2,1992,132172.3926
2396,2,2,2,1993,267377.3997
2685,4,3,1,1999,405523.8283
1343,2,3,0,2013,151733.9225
2515,2,3,1,2013,307961.1074
2437,2,1,0,2004,276162.8618
1805,5,1,0,2002,243985.2055
1385,4,3,0,1996,88030.54185
1955,3,1,0,2014,240976.5518
1459,3,2,0,2006,77493.93144
2337,3,3,2,2008,331851.0817
1021,4,3,0,2013,110408.6708
1252,2,1,1,1993,127932.7568
2584,2,3,2,2001,415850.7708
1510,3,2,2,2002,156928.0147
2499,5,1,1,2021,287591.6728
1975,3,3,2,2016,279764.371
1189,3,3,1,2007,244539.2817
1957,4,2,0,1994,239299.9945
1686,2,3,1,1994,249148.3447
1957,3,2,0,1992,304197.5798
1562,3,3,0,2013,89378.55062
1831,2,2,0,2000,190058.8929
2154,2,1,0,2015,166810.3887
2508,5,3,2,2007,352932.1625
2842,5,3,1,2014,422042.9185
1646,4,3,2,1994,91423.61965
2297,2,2,1,2017,194967.9095
1387,3,1,0,2002,152828.7203
1600,4,2,0,2002,256725.9809
1013,4,3,1,2002,164858.1869
1776,4,2,1,2014,181245.4467
2363,5,3,1,2004,308830.9397
1091,3,3,1,2012,194294.0018
2390,5,3,1,2019,172777.3198
1955,4,1,2,1995,197656.0703
1034,5,3,0,1993,117295.3752
1205,2,1,1,1996,180760.8675
2955,5,3,0,2012,378403.571
2895,2,2,2,2021,266046.8779
2025,5,2,0,1993,240145.9703
2413,2,1,1,1995,152037.8828
2129,4,3,1,2005,220384.4345
2845,4,2,1,1996,318297.2566
1729,5,1,0,2019,171877.0663
2579,2,2,1,1997,245276.7339
1161,4,2,2,2003,288571.1272
1269,3,2,2,1999,218784.633
1815,3,3,1,2016,217967.9285
2294,4,1,0,1994,353343.634
2750,4,2,0,1994,366548.8223
2725,2,2,1,2018,237066.6856
2748,5,1,2,2020,255619.9978
1791,5,3,0,2003,242865.2602
1216,4,3,0,2003,107868.9321
1492,3,1,2,2019,53360.86541
2836,3,3,1,2000,228582.097
1520,2,1,0,2003,201334.9416
2367,3,2,2,1995,221413.5776
2086,2,1,2,2008,141074.0284
1391,5,1,0,1995,51154.13113
1418,5,3,2,1998,222904.258
2513,3,1,2,2000,280022.0311
1040,3,2,0,2014,98933.43907
1134,4,3,1,2003,160764.4394
1200,5,3,2,2014,156394.2735
2863,5,1,2,2000,333464.149
1502,2,3,2,1991,119671.3689
1406,4,2,2,1997,148891.4193
2751,2,2,2,2010,357765.1172
1098,5,2,0,2012,102580.4984
2895,2,3,2,2005,302454.6401
2570,3,2,1,2005,276434.5399
1960,4,1,2,1991,220786.712
1612,4,1,2,2018,142420.9723
2792,4,1,2,2020,243179.7034
2241,2,3,2,2011,175779.5682
1502,4,2,1,2003,162271.0864
1766,3,2,0,2018,240727.0397
1397,3,1,1,2000,186900.9464
1392,5,2,0,2005,225281.3242
2484,2,3,1,1997,354538.8214
2714,4,3,0,1999,290954.4918
2598,3,3,1,2020,207377.5555
1863,4,3,2,1990,267934.0926
1742,5,1,1,1993,235034.8998
1563,4,2,1,2010,314867.6516
2020,4,3,2,1999,278092.7571
1095,4,2,2,2001,88443.38397
2923,4,2,1,2001,235396.4545
2430,4,2,1,1994,252666.8483
2678,3,2,1,2019,266197.0444
2194,5,2,0,1996,245433.6945
1540,2,1,1,2013,177796.403
1524,4,2,1,2003,170745.4653
2862,4,1,1,2008,347187.4093
2109,5,1,1,1994,185909.9016
2819,3,2,1,2018,231642.4153
2976,4,2,0,2012,352084.0473
2012,4,2,1,2019,356256.9103
1645,2,2,2,2017,115738.6024
2363,4,3,1,1991,254479.256
2981,3,3,2,2002,320922.1762
2354,4,1,0,2011,265274.004
2663,2,3,2,1993,283301.9362
2248,3,2,2,1990,157260.9835
2408,5,2,2,2004,349887.3872
2400,3,2,0,2006,302581.5244
2306,3,3,2,2015,267740.4347
1632,4,3,0,2005,211665.6222
1972,2,1,1,1999,221900.7731
2768,4,2,1,2004,337510.5084
2382,5,2,0,2014,207718.7412
1709,4,2,1,2014,187379.3901
2479,3,3,0,1993,325104.8264
1648,2,1,0,2002,168976.4954
1317,4,3,0,2010,72491.39026
2248,2,3,1,1991,224680.0524
2842,2,3,0,1995,297609.7185
2257,2,1,1,1991,211357.5631
1663,4,1,1,1993,198444.2855
2998,2,3,0,2019,227602.8452
2631,4,3,1,1998,329215.4127
2495,3,2,1,2020,189722.895
2256,5,3,1,2013,315304.2483
1563,4,3,2,2013,182494.886
2533,4,3,2,2004,314516.613
2409,5,3,1,2014,342249.5423
2136,4,1,0,1995,115459.882
2636,3,2,1,2003,240419.9739
2648,4,2,0,2003,388951.7892
1951,4,1,2,2021,250119.2129
2104,3,1,1,1998,210586.9765
1698,3,3,2,1995,234243.6244
1001,2,3,1,1993,163837.6824
2759,4,2,0,2021,197521.8272
2661,4,2,1,2015,308854.901
2076,2,3,0,2020,225867.2386
2733,5,1,2,1992,290094.597
1835,5,1,2,2015,241849.2415
1202,3,1,1,2013,155086.4599
1400,5,1,2,2020,184460.0434
1293,3,2,1,2013,205414.9105
2860,3,2,1,2011,284616.4673
1981,3,3,2,2014,198755.1464
1751,3,1,0,2008,270704.1541
1608,4,1,1,1993,189126.0514
1186,3,1,1,2008,129960.0168
2349,2,2,2,1996,281507.745
1463,3,3,2,2017,169378.7848
2372,4,3,2,2019,248599.1077
1954,4,2,1,1998,122604.9562
2955,3,2,0,2016,296998.8381
2986,3,1,0,1999,310583.0759
2534,5,3,0,2017,233756.8864
2171,4,2,1,1997,199324.8407
1863,5,1,0,2013,331026.5964
1488,2,2,1,2021,61092.66123
1928,3,3,2,1999,205778.3124
2959,3,3,1,1990,384570.7365
1871,5,1,1,2017,213894.3146
1640,3,1,2,1996,180978.0157
1472,4,2,2,2017,163315.127
2969,4,3,0,1990,384847.0499
1150,4,1,2,2010,190479.1989
1262,3,3,0,2016,189650.2011
1143,3,2,2,2002,95784.07402
2016,2,3,2,2021,212190.7549
2595,4,1,2,2014,298280.3607
1880,5,1,0,1997,172765.2509
1001,3,3,0,1998,151917.3536
1896,2,1,0,1996,196497.0693
2183,5,1,0,2001,215636.3058
2256,2,2,2,1991,162732.681
2122,3,2,0,1997,283190.3906
2682,4,2,0,2005,257018.5571
2154,2,3,0,2018,301758.3278
1403,3,3,1,2007,186512.3187
1151,5,2,2,2019,147961.7399
1053,4,3,2,2005,96856.09323
2143,4,3,2,2002,241976.2417
2696,2,1,0,2018,256546.8458
2943,4,1,0,2009,245612.125
1586,4,2,2,1996,234537.6253
2445,5,2,0,2010,230463.8154
2250,4,3,2,2010,258681.6486
1337,3,2,1,2020,245240.8693
2743,5,1,2,2012,303839.7622
2300,5,1,1,1998,303253.7531
1815,5,2,2,2007,137931.9766
2939,2,3,2,2016,238181.4446
2056,4,1,2,2014,237224.4282
1687,2,1,2,2002,130383.6498
1749,2,3,1,1994,218960.6472
1229,3,2,2,2010,48780.11213
1562,5,1,0,2007,181237.8317
2799,4,1,0,1998,182649.2383
2306,5,3,0,2011,347942.0053
1225,5,3,0,2009,181103.2635
2632,2,1,2,1999,306987.0516
2504,3,2,1,2017,250927.6416
1452,3,1,0,2013,86276.33242
2535,2,1,0,2012,343628.2296
1016,4,2,2,2015,86742.69816
2195,5,2,2,2018,260504.8307
1157,5,3,0,2012,87137.89045
2069,2,2,0,2021,179619.6811
1098,3,3,1,2011,96810.15544
2768,5,3,0,2009,333027.9076
2060,3,3,2,1991,261561.3314
1279,3,2,1,2011,60826.53009
1496,2,3,0,1998,123828.1036
1301,4,1,0,2021,88586.0573
1180,3,2,0,1992,134443.8975
2122,4,2,0,2000,234164.891
2139,3,3,0,2021,277542.7035
1927,5,2,1,2001,172279.0649
2184,3,1,2,1994,205236.2839
2346,4,2,2,1994,279439.9844
1017,5,1,2,1996,127458.039
2758,3,3,1,2006,344787.6194
2346,2,2,2,2015,297939.7232
2311,4,2,1,2013,343467.4139
2966,2,3,2,2006,258865.9613
1853,5,2,2,1999,197763.0653
1154,5,2,1,1994,20075.48609
1489,3,3,2,1993,225167.5423
2409,3,2,2,2011,333108.7015
2127,2,1,2,2009,273921.2443
2952,3,2,2,2006,230500.4506
2416,4,2,2,2010,361696.081
2834,5,3,2,2013,319789.8466
2199,5,1,0,2007,300718.8166
2062,5,1,1,1996,261326.8509
2500,5,2,2,2001,363561.9094
1537,4,3,1,2019,110904.3256
1902,3,2,1,1998,152143.2966
1035,3,3,1,2020,135298.4457
1019,2,2,2,1993,70855.37072
1320,4,1,2,1998,183736.727
2799,2,3,2,2018,388318.7211
1653,5,2,0,2005,140382.8723
1971,4,1,1,2010,260495.0847
1470,5,3,2,2005,144254.7959
2115,5,1,1,2015,252361.1315
2377,2,3,1,2016,256202.9962
1726,4,2,2,2000,218372.9302
2688,3,2,1,2000,220036.0305
1574,3,2,1,2021,125013.1451
2213,4,1,2,1995,234126.8057
2148,3,3,1,2006,213331.2023
1313,5,2,0,2011,262434.5217
2715,4,3,1,2004,298075.9524
2806,4,2,0,2000,326637.4753
2002,3,1,2,2014,259033.5696
2076,2,2,1,2005,185380.1293
2003,4,1,2,2003,198735.7641
2126,4,3,1,2000,262087.5685
2219,2,3,0,2010,255398.7488
1876,3,1,2,2015,237628.6476
1991,4,2,2,2004,201135.2861
1883,2,1,1,2016,327202.4144
1866,4,2,2,1999,135186.9409
1935,3,1,2,2002,176508.4751
1268,4,3,1,2015,145269.2037
1635,3,2,1,2009,246606.2725
2129,2,3,0,2016,194238.864
1830,2,2,2,2017,258490.7949
2810,2,3,2,2020,237178.0369
2627,5,1,1,2016,283416.6118
2081,4,3,2,2007,234682.711
2369,2,3,1,2013,220216.9713
2497,3,3,0,2019,293908.2937
1790,4,3,2,1992,311154.7319
2141,5,1,1,1999,235009.5775
1559,5,1,1,2018,166047.6906
2624,4,1,0,2004,258771.5962
1487,2,3,0,2016,96385.91828
2908,5,1,2,2005,304455.9919
2295,3,3,2,2008,175119.2094
2212,2,2,2,2006,273977.796
2470,5,1,2,2018,276587.1871
1860,4,3,0,1996,187289.1844
1246,4,2,1,1991,195380.2522
2986,2,1,1,2020,290467.5266
2099,3,3,1,2010,125993.0727
1996,5,1,1,1997,214623.9275
2997,3,1,2,1996,386973.6452
2243,2,2,1,2000,232462.4527
2092,4,2,1,2005,246644.1789
2070,5,1,2,2015,136921.115
2008,5,1,1,2003,265746.5808
1957,4,3,0,2004,291978.295
2011,3,3,2,1993,261283.9964
1452,2,3,2,2003,240942.6385
2227,4,2,2,2016,216203.9181
1911,3,3,1,1998,132355.8167
1217,5,3,2,2019,228079.1135
1431,2,1,2,1992,150462.6418
1340,2,3,0,2014,226047.2322
1550,2,2,1,2013,115706.6153
1022,3,3,2,1995,115202.9372
2785,5,3,1,2013,341637.3346
2123,2,1,0,2007,149038.0072
2246,5,3,2,2006,324176.9426
2682,4,2,0,2012,240370.0119
1441,4,2,0,2019,316311.3312
2631,4,2,0,1993,301656.1735
2348,4,2,0,1999,223081.9974
1515,4,1,2,1994,133643.3552
2039,5,1,1,2004,235473.2569
1791,4,1,0,1999,152462.4993
1335,5,3,0,2001,255989.5046
2782,4,3,2,1996,326470.3364
1257,5,1,2,1992,218502.8588
1895,3,1,1,1997,159563.6275
1159,4,3,0,2017,167817.1467
2498,5,2,1,2004,328340.9622
1851,2,3,2,1991,206542.456
1689,4,1,1,2019,211224.0441
2568,4,3,1,1991,254537.2983
2450,4,1,1,1990,265276.146
2636,5,2,2,1992,338456.4114
2440,2,2,2,2017,270580.7139
1284,5,2,0,2009,211770.317
1396,5,3,2,2009,286856.5217
2630,2,1,1,2018,261717.1541
2921,4,1,1,2021,287287.6099
1726,4,3,0,2002,215865.8501
1775,4,3,2,2011,197440.8406
1604,2,1,1,2021,138311.8452
1969,2,3,0,1996,150367.9726
2625,5,3,2,1991,267944.9275
1616,3,3,1,2016,143155.4263
2219,5,3,2,2005,246920.2648
2524,5,2,0,2019,328545.8605
2649,3,1,2,2004,270556.7002
1412,3,1,2,1990,149130.0897
2399,5,2,0,2000,214095.0543
2300,4,1,1,2006,267485.9013
1760,5,3,2,2005,329138.6056
2417,4,3,2,2001,298584.9525
1919,3,3,2,2007,224202.0858
2712,5,3,1,1996,305954.6495
2122,2,1,1,2014,152222.3212
2571,5,2,2,2009,239857.8712
2008,4,3,2,2017,214463.7133
1095,4,1,1,2021,172054.1111
2687,5,1,1,2003,233840.6934
1662,4,1,2,2013,240334.6245
1036,4,3,0,2005,57693.11513
1216,2,1,0,1991,151148.942
1866,5,2,0,2009,241160.6364
2296,2,2,2,2006,228944.8623
2904,2,1,0,2001,272997.6016
1061,2,1,0,1992,71057.43729
1595,4,3,2,2004,138738.9011
1728,3,1,0,2001,221433.4259
2365,5,2,2,2002,260065.9184
2635,5,1,2,1997,236979.2652
2256,4,2,2,2017,232944.4192
2938,5,1,1,2016,208320.6549
1454,5,1,1,2009,119379.4066
1717,4,2,1,1998,240869.4072
2587,5,2,2,2020,283949.7947
2390,4,2,2,2014,222996.2008
2092,3,1,0,2008,226598.7975
2122,2,1,1,2020,229393.3072
1947,2,3,2,2019,111367.2386
1890,4,1,2,1997,205937.965
2492,2,3,0,2003,319363.7892
2507,5,1,0,1999,321563.4071
2588,3,3,1,1996,319101.4752
1568,3,3,0,2015,129901.8308
2062,4,2,0,2018,246504.0111
1108,5,1,1,2003,82999.51438
1234,5,1,1,1999,196146.7513
2866,2,1,0,2017,274487.713
1587,5,2,2,2020,208334.574
2097,3,1,1,1999,247007.8117
2542,4,2,1,2019,260737.6152
2197,3,2,1,2003,277508.1068
1794,5,1,2,2006,253265.0377
1633,2,3,1,1996,244006.2115
1028,3,1,1,2010,145806.9779
2445,4,1,0,1998,380654.635
1338,4,3,1,2021,82162.27558
2671,5,3,0,2012,213976.8596
2519,4,2,2,1998,225675.3304
2388,3,1,2,1992,253719.6213
2365,2,1,1,2021,233693.1751
1499,4,3,2,1992,41630.73904
2680,2,1,2,2004,249052.4281
1510,3,2,2,2011,184231.2031
2324,3,2,1,2017,182389.1946
2093,2,3,1,1995,289191.5055
2205,2,1,2,2002,238840.5723
1166,3,3,2,2003,206852.1296
1038,5,3,0,2011,115580.6156
2149,5,2,0,2006,315570.8548
2474,5,3,2,2016,290504.4188
1172,3,2,0,2011,192190.8709
1753,2,2,0,2009,227730.1345
2683,4,2,0,2021,373582.458
2384,5,2,1,1998,284763.6398
2958,3,1,2,2007,229455.1042
2024,5,1,2,1995,253040.8346
1504,2,1,0,1999,206783.2537
2214,3,3,1,2002,253978.8048
2531,2,2,2,1990,234623.9359
1823,2,3,2,2021,236688.2718
1928,3,2,0,2005,205486.3072
1671,2,2,2,1993,195992.0248
2852,2,3,0,1993,237828.087
1079,3,2,0,2015,195945.2271
1885,4,3,2,2021,249861.1461
1763,3,2,1,2006,212178.7212
2252,5,2,0,1998,316517.3002
2699,3,3,0,1990,240508.8367
2250,4,1,2,1999,279073.864
2464,5,2,2,2015,276540.4343
2256,4,2,0,1992,90256.53135
2328,4,2,0,1995,256324.2314
2549,3,2,0,1997,215428.4397
2166,4,2,0,2018,349937.8305
2396,5,2,0,1991,333079.8091
2909,3,2,0,2008,384570.0093
2282,3,1,0,2014,295735.1483
1655,4,2,2,2003,195194.7001
1470,2,3,1,2008,95133.30811
2976,3,1,1,2009,299964.9161
2353,4,1,1,2014,352243.8437
1967,4,3,1,1991,235663.8438
1357,3,1,1,2004,82170.73833
1971,2,1,0,1990,238246.3746
1372,4,3,0,2009,121797.3579
2371,3,2,0,2017,295669.2145
1539,3,3,0,1992,230483.4878
1040,3,3,2,2012,154006.6036
1501,5,1,0,1995,198493.3216
1924,5,2,2,2015,180984.9797
2570,5,1,1,2013,341995.9982
1708,4,3,1,2019,79441.72986
2838,5,3,2,2006,251681.7532
2944,2,1,0,2001,270128.2948
1009,2,3,1,2017,100701.1998
1823,2,1,2,2019,236683.2894
1797,4,2,2,1999,234486.0124
2274,3,3,2,1992,286489.7196
1876,4,3,0,2005,177401.4627
1145,4,3,2,2013,89762.97208
2262,4,1,2,2006,244215.915
1176,5,3,2,2011,245337.7602
2305,3,1,1,2019,290483.5992
2240,2,2,2,1995,194460.4233
1826,5,3,2,1999,203993.7393
1794,2,3,1,1990,205849.0281
2952,3,3,0,2001,289062.4435
1104,5,3,1,1997,97422.08369
1510,4,2,2,2000,122252.2819
1475,3,1,0,2011,90949.32581
2886,4,2,0,1997,280071.5049
2460,3,3,2,1999,259605.931
2588,4,3,0,2014,339031.5397
1082,5,1,2,1992,142633.8501
2101,3,1,0,2020,176065.2208
2901,5,1,2,2015,357084.8621
1716,5,2,0,2015,251997.9172
2469,4,1,1,2009,164581.1036
1487,2,1,2,1996,40231.17454
2371,5,3,2,2008,255858.326
1094,4,2,0,2011,198666.6614
2095,2,3,2,1996,232521.0726
1153,4,2,2,2002,220953.7614
1673,2,3,1,2012,243821.2869
1437,5,3,0,1991,152095.5908
1117,2,2,2,1997,62277.05246
1770,2,3,1,2011,182285.0474
2329,4,1,1,2004,335253.9925
2984,3,1,2,2018,424502.0676
1989,2,3,1,2004,233632.7683
2757,4,1,1,2009,286469.3746
1762,2,2,0,2015,173138.793
1623,4,3,2,2000,200613.407
1766,4,3,2,2019,227038.9841
2326,4,3,0,2004,141390.5479
1918,2,2,1,1995,267982.4736
2230,4,2,2,1996,207817.7
2252,3,1,1,2019,309843.4982
1074,2,2,1,1991,145292.9662
2445,4,2,1,1994,240111.0138
1763,2,3,0,1990,182273.603
2329,5,3,2,2005,297511.5523
2873,2,1,1,1994,351221.3195
1797,3,1,1,1996,145554.8089
2358,5,1,2,1990,276729.5247
1858,3,3,0,1993,169985.3277
1434,4,1,1,2020,131335.8406
1446,2,1,0,2007,204761.004
2331,4,2,1,2004,316339.4136
1983,5,1,1,2014,269940.1613
2358,4,2,0,2003,223537.9922
2019,2,3,0,2013,196595.6766
1541,3,3,0,2012,224318.8108
2129,4,2,1,2018,266474.7697
1183,3,1,1,1995,162682.1164
2424,5,1,0,2013,291911.7852
1784,4,1,2,2004,207482.8857
2531,2,2,1,2005,274383.1438
1983,4,2,1,2021,233248.5383
1068,5,3,1,2006,161092.3915
2473,2,1,2,2003,198600.8868
1204,4,3,0,2005,216805.1691
1125,2,2,0,2013,105204.6554
1042,4,2,0,1999,201918.8625
2775,2,3,0,2020,290506.1967
2994,2,1,2,2006,280134.6154
1110,5,1,0,2002,200784.7141
2686,3,3,1,1998,333760.3977
2994,3,3,0,2000,351976.5748
2543,3,2,0,2002,240045.8146
1899,4,3,2,2016,232981.9149
1899,3,2,2,2015,183344.2437
2719,4,1,0,2003,250253.1185
1280,5,1,1,2014,156414.8938
2218,4,1,2,2018,276382.0311
2218,2,2,1,2013,249691.3945
1671,5,2,2,2000,238757.9039
1603,2,1,0,2001,179761.436
2852,2,3,2,2011,362553.0598
2428,2,3,0,2020,217368.5185
1232,4,1,1,2021,156627.3542
1523,5,3,2,2013,175489.8932
2069,4,1,2,2020,246798.2604
2753,4,2,2,1999,326789.9498
2836,2,3,1,2016,368704.6269
1248,2,3,1,2016,144806.3152
2144,3,2,2,2006,255121.8291
1213,2,2,0,2004,83400.59453
1106,3,2,0,1999,145544.5536
1830,2,1,0,1995,219525.3673
1047,3,2,2,1991,169713.5251
2596,5,3,2,1998,340109.2967
1336,4,1,2,1993,132485.8522
1803,4,2,2,2021,167341.431
2280,3,3,0,1995,279972.3849
1007,3,3,0,2020,104862.8038
2276,5,3,1,2016,280634.179
2715,5,3,2,2018,280526.4042
1718,3,1,1,2012,322761.7216
1055,2,2,1,1998,128967.4181
1665,3,2,0,2021,175376.2716
1525,4,2,2,1992,179134.0511
1698,2,3,0,2010,276522.3217
2030,5,3,2,1996,163185.2062
2646,3,1,2,2013,359020.0994
1749,3,1,0,2014,153530.473
1362,4,1,0,2020,120080.0511
2531,5,1,0,2006,278897.6645
2529,4,3,0,2010,274377.3599
1805,3,3,0,1993,158850.1245
1738,3,1,1,2010,133936.1418
2906,5,3,2,1996,287991.1882
2654,4,1,0,2014,234263.2942
1713,5,3,1,1997,243336.4403
2976,3,3,0,2016,401985.2877
2296,3,3,1,2019,289130.5018
1125,5,1,1,2003,127992.8921
2235,3,1,1,2017,213170.349
1024,2,2,1,2006,24715.24248
1066,5,1,1,2001,121229.067
1108,4,1,1,2013,223401.1497
2169,3,1,1,2008,195532.4744
1110,3,2,1,2015,155601.306
2799,4,1,0,2017,298891.0325
1747,4,2,2,2013,153806.369
1612,5,2,1,2018,197839.958
2541,3,1,0,1992,279927.3625
1691,5,1,0,2000,123146.7208
2343,4,3,0,2004,171330.5193
1314,4,3,1,1991,181639.5675
1876,3,2,0,2015,274445.7925
2764,4,2,2,1990,250869.3714
2312,5,3,1,2002,282074.2092
2460,4,2,0,2018,255506.8043
1661,2,1,1,2006,272637.2866
2605,4,2,2,1999,307809.4844
2526,4,1,2,2021,312283.5438
1349,4,3,2,2006,69051.27591
2630,3,2,0,2000,237559.9186
1822,2,1,0,1998,250317.0278
1758,2,1,1,1991,257528.4573
1542,4,1,2,2012,245906.6674
2063,2,1,2,2000,232425.8523
2246,5,3,2,1992,260688.8008
1005,4,3,1,1991,87658.88398
2345,5,2,1,2019,316660.3662
2755,2,3,0,2011,287310.4062
1003,3,3,1,2005,88765.26779
1645,4,1,0,2018,144500.2653
1880,5,3,0,2014,305647.9089
1503,5,1,0,1996,179352.7077
1946,3,3,2,1994,261841.7539
1573,2,2,2,2019,213060.5518
2464,4,2,2,2014,255410.4807
1193,4,1,2,2019,193815.8689
1846,3,1,1,2008,162337.9073
2415,3,3,2,1992,187933.5322
1172,4,2,2,2018,164459.1066
2323,4,3,0,1995,328992.5634
2141,5,2,0,2013,395177.0033
1224,2,2,0,2019,79423.96636
1000,4,3,1,2001,23621.03033
2917,3,3,1,1991,394127.1706
1138,5,3,2,1999,256454.5478
2891,5,3,2,2011,331896.5332
1844,5,1,2,1996,205052.3015
1901,3,2,0,1998,184846.6214
1260,4,2,1,1994,94957.76479
1171,5,1,1,2004,187244.1803
1897,2,3,1,2001,352779.5972
2191,2,1,1,2015,157002.5777
2665,4,3,2,2013,310691.4933
1320,2,2,1,2018,165514.4569
2342,5,3,0,2012,302265.5431
1776,3,2,2,1990,181801.4467
2943,5,3,0,1998,370903.6905
2573,2,2,0,2005,397850.3404
2442,2,3,2,2007,312943.745
1333,5,3,0,2009,79993.95025
1375,5,3,1,2007,143427.7936
2570,2,2,2,2001,379870.5177
1512,3,2,1,2006,117764.7504
2319,5,3,2,2001,365341.8286
2595,4,1,0,2003,323948.9886
1872,2,2,0,1991,248496.0319
2314,3,2,2,2017,200738.0272
1724,3,3,1,1997,208809.8955
1850,4,3,1,1999,141837.8442
2433,5,3,2,1997,323905.129
1600,2,2,2,2012,271767.333
2772,3,1,1,2005,248601.3278
2549,5,2,1,2003,299271.2792
1421,2,2,1,2018,128880.6393
2888,3,2,2,1999,254958.4694
2046,2,3,1,2003,273308.4341
1142,2,3,0,1993,161527.319
1664,4,2,0,2002,150072.7777
1144,4,2,0,1997,189146.1989
2248,2,2,2,2003,234782.0634
2985,2,3,0,2003,380395.7887
1820,4,3,1,1992,233400.2816
1103,3,1,1,2015,151308.718
2970,2,3,2,2019,271877.4672
1578,2,3,1,1993,126897.1448
1390,2,3,0,1999,149880.3394
1553,5,1,2,1997,223049.0042
2523,2,2,2,2004,310310.2871
2646,3,2,0,2000,319871.8642
1922,5,1,0,2000,156453.6391
1156,2,1,0,2008,173471.0724
2020,5,3,0,1996,295173.2147
1996,5,2,1,2002,208832.5772
1950,4,3,2,2013,230751.6048
1597,2,3,2,1993,191429.0701
2545,2,2,0,2014,241398.2331
2658,2,1,2,1999,267022.5786
2865,3,2,0,1998,282967.2127
2141,4,1,0,1995,310230.4064
1805,3,1,1,2009,236104.8197
1227,2,3,1,2018,221381.8636
2900,4,1,0,2012,275815.918
1215,5,1,1,1993,192510.5754
1947,4,3,1,2007,182412.5691
1014,4,1,2,2017,122023.2837
2671,4,3,0,2003,235136.2945
2284,3,2,0,1997,256342.9315
1323,3,3,2,2018,204741.0529
1754,4,1,0,1990,211992.8189
2315,5,1,0,1993,338128.6976
1068,4,3,0,2009,152613.9003
2683,2,3,2,2003,235427.4756
2277,2,1,0,1995,266227.2069
1022,4,2,2,2016,137553.3956
1814,4,1,2,2007,197682.7584
1301,5,2,0,1999,102950.399
1217,4,1,1,2017,107724.9517
1140,3,2,2,2007,157591.2469
1992,3,3,1,2021,263168.4957
2646,4,1,0,2020,311377.3934
2639,3,3,0,2018,256415.7293
1682,3,2,0,2014,78245.42464
2347,2,1,0,2008,210435.5273
2156,3,1,0,2011,168184.2545
2828,2,1,1,1995,302708.4333
2822,2,3,2,2020,311383.2769
2401,5,2,1,2004,293353.4281
2013,2,1,0,2019,210469.8596
2052,4,1,0,1999,185341.7314
2485,2,3,1,2018,320619.8972
2749,4,1,1,2016,248344.8213
2430,4,3,1,1993,229210.3577
1813,2,1,2,2007,252819.6185
2369,3,3,0,2006,303903.4195
1419,4,2,1,1991,81698.85791
2205,4,3,2,1991,252324.877
1824,2,2,2,2021,118070.5282
2854,4,1,0,2017,301546.2992
1566,4,1,0,1994,221489.1806
2454,4,3,0,1995,205557.8754
1968,2,1,1,2011,291881.8344
2160,5,1,0,2002,194130.1914
1201,4,3,0,1998,216784.0273
1116,4,2,0,1992,15889.765
1936,4,1,0,2001,296077.5477
2625,4,3,1,2020,270696.4512
2926,5,2,1,1996,367661.8776
2552,4,3,2,1992,302407.8035
2202,4,3,0,2008,235142.8243
1709,3,3,0,2003,154158.9653
1284,2,2,0,2005,37585.65484
2002,5,3,2,1995,291470.3327
1661,5,3,0,2006,220192.3858
1665,3,2,1,1999,179780.3788
2107,3,3,0,2010,148016.5548
1341,4,3,2,2018,150194.7674
1475,3,2,1,2004,181018.0415
2086,2,1,0,2007,177225.0106
1560,5,2,1,2016,184069.9466
2792,4,3,1,2005,315935.8993
2759,5,2,2,2012,340230.7729
1989,2,1,2,1996,203613.8903
1214,4,1,0,2015,180424.3264
2914,4,2,2,1999,357901.3989
1722,3,2,1,2010,217827.1513
1031,2,1,0,2000,172501.4115
1428,5,3,2,2007,192598.0397
2500,2,1,1,1993,313158.9443
1285,4,3,2,1999,108135.5491
2167,4,1,1,2015,277542.1431
2447,2,1,0,1998,263757.3663
1017,5,1,1,2015,160917.2109
1589,2,1,2,2017,162111.0113
1501,5,3,2,1996,174573.3572
1113,2,2,0,2012,110817.1601
2701,2,1,2,2002,314549.9585
1946,3,3,0,2004,232270.8837
2667,4,2,2,2000,233177.9377
1054,3,2,2,2010,171845.2392
2894,2,1,1,2001,338492.1224
1799,2,1,1,2007,167007.7607
1777,2,2,0,1990,142219.2662
2901,3,3,0,2001,299697.5926
2403,3,3,0,1997,279182.2622
1054,4,3,1,2010,161862.4028
2499,5,1,2,1994,344770.6621
2201,3,2,0,2013,226947.229
2372,2,1,1,2001,254226.0912
2031,2,1,1,2011,211319.1084
1312,2,2,2,2009,158456.781
2858,5,1,1,1992,227559.8727
1442,3,2,1,2002,110392.5265
2790,2,1,1,2007,263515.3117
1760,5,2,0,2016,167602.8314
2262,5,2,1,2008,279502.1217
1578,4,3,0,1994,200990.4546
2627,2,2,2,2016,319114.5971
2006,5,2,2,2019,227149.2623
1095,3,2,2,1992,162886.7816
2111,5,3,0,1996,218625.2018
1813,3,3,2,2001,127991.7989
1451,3,3,2,2021,89754.86041
2523,4,1,2,1993,268233.9899
1909,5,1,1,2000,212014.0077
1006,3,2,0,2001,85889.10355
1329,2,2,0,2010,222302.5744
2696,4,2,0,2001,312284.2847
1146,5,1,0,2002,206526.7909
1914,5,2,2,1992,313483.0115
2571,5,1,1,2002,224188.6445
2308,3,2,0,2007,282485.4998
1699,5,1,2,2015,189790.7287
1081,3,2,2,2002,164366.4039
1513,2,2,1,2011,188913.1356
2920,3,1,1,2013,362339.7355
1814,2,1,2,2002,197887.2851
2939,2,2,2,2006,326167.7599
2546,3,3,0,2014,261128.8139
1745,2,3,2,2011,203909.1341
1470,2,1,2,1991,222943.8148
2142,5,1,2,1999,249760.8732
1395,5,2,2,2012,203610.0254
1260,3,1,1,2020,69341.37029
1933,3,3,1,2009,193558.8041
1904,3,1,1,2006,169080.629
2249,2,1,2,2001,262083.4916
2076,3,1,2,2017,179387.6332
1939,3,2,0,2011,313281.3404
2523,4,1,1,2009,330479.5972
1853,2,2,0,2000,212615.5119
2181,5,2,2,2013,365884.7707
1525,5,2,2,2004,152254.7198
2985,5,2,2,1991,400690.7931
1236,2,3,1,1998,190309.6681
2304,2,1,2,2011,260404.7383
2382,2,1,0,2011,246597.6416
2258,2,1,0,2009,233658.4426
2132,5,1,2,2021,286284.9744
1804,4,3,0,1993,246069.7117
1837,5,2,2,2020,210311.8031
1127,5,3,0,2021,46604.9338
1041,4,3,1,1997,220141.516
1033,3,3,0,1990,67406.08928
2700,3,1,1,2019,364572.7074
2176,2,1,0,2018,204063.0302
1997,2,1,2,2005,231828.1055
1587,3,1,1,2002,203954.2526
2897,2,3,0,1997,333395.5072
1341,3,3,0,2019,116767.8431
2310,5,2,1,1990,192590.0865
1645,4,2,2,2009,201271.7115
1167,2,2,1,2018,132707.1398
1609,3,2,0,1997,191980.2887
2772,4,3,1,2003,254601.1157
1820,2,2,0,2017,243069.2718
1454,4,3,0,2013,172214.8625
2708,2,3,2,2006,317567.6975
2424,4,2,0,2018,220624.5774
1921,4,3,2,2021,184267.2477
1980,4,3,2,1996,225362.6042
2499,5,3,0,2011,355644.9175
1633,3,1,1,2018,213727.1388
2581,3,1,0,2012,266742.2001
2599,3,1,1,2013,246870.6904
1129,4,3,0,2008,114431.4409
2019,3,2,2,2021,255712.7755
2845,4,3,1,2015,327611.2055
1148,2,3,0,1990,197925.479
2319,2,1,2,2012,204778.4959
2136,3,3,2,2001,163446.8638
1806,4,2,0,2002,288777.333
1743,3,2,2,2012,174115.4865
2335,2,3,0,2020,194918.577
2312,2,2,0,1999,238713.0487
2490,3,3,2,2014,353591.3291
2762,5,2,2,2008,275949.2951
2267,4,2,1,2017,280180.8058
2514,5,3,1,2021,288969.3331
1957,2,1,1,2009,285773.1151
1200,5,2,0,2001,224677.7664
2524,2,3,0,1992,367441.3872
1072,5,3,1,2005,167177.8112
1712,4,3,1,2018,250537.935
2040,2,3,0,2012,213300.0611
2240,4,1,1,1992,240738.9241
1938,2,1,2,1994,205525.8686
2639,4,1,0,2021,254007.6789
1024,2,3,1,2014,45265.98849
2062,2,2,1,2006,268154.8642
2826,4,2,0,1998,307452.8807
1130,3,2,0,2005,185777.563
2521,3,1,0,2009,309536.2808
2458,5,1,2,2008,159347.8012
1865,2,1,0,2006,163862.0472
2636,5,2,0,2010,216457.752
1329,4,2,2,2000,220277.1219
2846,3,3,1,1992,334752.6519
2838,3,2,2,1994,197232.4488
2615,5,1,1,1997,379735.4842
1215,3,3,0,2007,130684.9091
1660,5,2,1,2018,233573.7589
2104,3,3,1,2004,247697.5059
1373,3,1,2,2015,183952.4465
1975,3,3,0,2003,194886.711
2560,3,1,0,2007,323968.3416
2112,4,2,1,1990,236690.5297
2678,5,3,2,2000,346679.0062
1046,3,1,1,2002,217141.2512
1777,5,3,2,2017,208265.2726
2039,5,1,1,1992,194605.0247
1400,3,3,2,1993,101837.9619
2817,2,2,0,2021,341401.7798
1980,4,3,0,1994,71697.49016
2805,2,1,0,2007,255191.2567
2542,5,1,0,2005,295046.5885
1687,5,2,2,1999,136244.5642
2521,3,1,1,2009,286645.8661
1826,5,1,0,2020,200778.2221
1726,5,3,2,1996,196063.5066
1593,4,1,2,2017,130392.1732
2246,5,3,1,1994,268214.9415
1989,2,1,0,2019,304463.3126
1371,3,1,0,1998,64250.32707
1401,2,1,0,2009,236725.7955
2466,3,2,0,2020,187755.1276
2513,5,3,2,1990,275810.6098
1614,5,2,2,2014,206574.9887
2549,5,3,2,1993,395271.1742
2121,5,3,2,2005,172278.375
1130,5,3,1,2004,196845.4186
1804,5,2,2,2020,86599.15771
1935,3,3,2,2015,231859.0249
1182,3,1,2,2006,79959.78674
2550,5,2,0,2001,323731.1028
2911,4,2,0,2015,311286.636
2372,5,2,2,2005,308226.4753
1981,2,2,1,2021,230383.3874
1920,5,1,0,2010,205012.2744
2184,4,3,2,2015,209562.62
2449,3,3,0,2013,400264.699
2473,5,1,0,2002,279766.3873
1545,5,1,1,1998,230081.404
1758,2,1,0,2007,152535.2581
2804,3,1,0,2020,287512.4522
2164,3,2,0,2010,258715.199
2297,4,2,2,2011,304909.4754
2439,5,3,1,2020,260941.8733
1957,3,3,1,2000,211311.5676
1317,4,2,0,2007,178185.303
1696,4,1,0,2009,127689.6337
1271,3,3,1,1999,138413.1824
2382,5,3,0,1996,152940.8195
1339,3,1,2,2004,199705.4787
1576,4,2,2,2004,145656.0371
2688,3,2,2,2001,333743.643
1704,5,1,0,2018,131437.2329
1948,5,3,2,1993,291115.8762
2998,2,3,1,1998,342203.6203
1584,5,1,2,1994,219104.8111
1398,5,1,2,2004,95327.35059
1816,4,3,0,1997,238788.8634
2367,2,1,1,2011,184113.2698
2163,5,2,0,2011,207849.0436
1186,4,1,2,1995,112612.0365
1060,4,3,0,2017,165516.2773
2403,5,2,2,2019,373622.3913
1709,4,3,2,2006,245708.3465
2342,4,1,0,2000,309897.8314
2325,4,1,2,2013,172998.3678
2367,3,1,2,2011,194643.0621
2868,4,3,2,2019,265485.172
1225,5,3,2,1998,205427.065
2734,3,2,2,2009,375729.5916
2598,5,3,1,1993,290573.5749
2333,4,2,2,2002,252802.5457
2266,5,2,0,2017,274929.0571
2389,2,3,2,2014,240611.7552
1936,5,3,0,2015,133114.7299
1752,3,1,2,1996,88761.14798
1258,2,3,1,2018,169593.8488
2911,5,1,2,1996,334083.2281
2797,5,2,0,2006,254524.735
2540,3,3,0,2006,294629.5861
1053,3,1,1,2003,105445.7891
2070,2,1,1,1997,287427.5363
2043,4,3,0,1996,222081.5124
2913,4,1,0,2015,347849.1353
1061,3,1,2,2009,93668.62907
2168,4,1,2,2003,178835.3769
1159,2,3,1,2019,162462.5522
2762,5,3,0,2017,311607.4258
1780,4,3,2,2001,198479.858
2933,5,1,0,1990,268734.4593
2380,3,1,0,2019,242774.5824
2290,3,3,1,2010,274105.7785
1951,5,1,2,2014,221992.9253
1634,2,1,2,2003,161613.5265
2672,2,3,1,2008,388495.1187
2486,2,2,0,2013,258470.6991
2284,3,1,0,1998,205017.1898
2418,2,2,0,1994,256814.671
1974,4,2,1,2011,245381.4434
1037,3,3,0,2000,140769.2285
1453,5,2,1,2020,308769.3728
2711,5,3,1,2018,289981.5395
1795,2,3,2,1997,196546.0209
2988,4,1,1,2007,292268.2555
2063,3,2,1,1992,134225.1234
1114,4,1,0,1998,172778.1905
1697,2,1,1,1990,224904.3224
2346,4,2,0,1994,262140.1699
2063,4,2,1,2010,156760.5676
2889,4,2,2,2000,294867.2585
2772,4,1,1,1998,299328.7229
2285,5,1,1,2000,285135.9731
1215,4,2,0,1994,197533.8959
2191,4,1,0,1999,180879.0867
1091,3,1,0,1998,82627.50422
2594,4,2,0,2000,239914.0667
1815,2,2,1,2017,139145.904
2704,2,2,2,2005,175480.72
1780,3,3,0,2007,184921.6753
2716,2,1,1,2015,352492.7635
1190,3,3,0,2016,220711.4115
2690,3,3,0,2021,280047.7945
1421,5,1,1,2007,128192.3294
1699,5,2,2,2009,182841.2732
1006,4,3,1,2007,135684.8221
1132,3,1,0,2000,138887.1883
1825,2,1,0,2014,171631.3269
1362,3,1,1,2007,240560.7377
2460,5,1,1,2018,294182.8573
2574,4,3,2,2014,275616.2397
1081,2,3,1,1997,169360.2979
1355,3,3,2,2014,228279.7701
2741,5,3,1,2009,330331.8327
1588,4,3,2,2009,181267.0523
2247,2,1,1,2009,202794.4065
2069,5,1,2,2001,254018.0068
2690,3,3,1,2013,316917.6811
2136,4,2,0,2003,231716.7794
1016,3,2,1,2017,74304.69239
1699,4,2,0,2018,141200.7204
1855,3,3,1,2006,251056.2495
2007,5,2,2,2021,227350.6794
2349,2,2,0,2014,169077.9882
2256,2,3,0,2012,352228.8134
2247,2,1,2,1992,194794.7606
1993,2,3,2,2014,254008.0506
2854,2,1,1,1990,249311.2274
1988,3,1,0,1991,176139.4602
1277,3,3,1,1995,146021.6389
1483,3,1,2,2018,245467.8437
2265,2,1,2,1990,177066.9129
2347,3,1,1,2017,264275.6327
1191,4,2,2,2008,96279.8417
1400,3,2,0,2005,198410.8517
2929,4,3,0,1996,309771.0723
1704,2,3,0,2003,135848.1766
1021,4,1,0,2007,175367.063
2143,3,2,2,2018,233648.8495
1703,3,3,0,1993,202624.0539
2250,3,1,2,2005,206054.6143
1380,4,1,2,1996,161358.4568
1459,4,2,0,2009,88756.00032
2030,4,1,0,1998,332073.9931
2056,4,2,1,2005,209693.5762
1878,4,3,1,2021,194803.492
2951,2,1,1,2015,370142.3636
1569,2,2,0,1998,186687.4601
2505,2,2,0,2013,269534.1997
2512,4,1,0,2019,270834.5311
1038,2,3,0,1996,137682.2037
2294,4,3,1,2006,289829.7922
1156,4,3,1,1995,154839.515
2098,4,3,0,2008,364290.8826
2730,2,3,0,1992,285608.3006
1848,2,2,1,2015,123727.9952
2405,5,3,2,1991,171805.8454
1747,5,2,2,2016,212109.0669
2627,2,2,1,2005,267119.5329
1988,5,3,2,2021,194819.3058
1020,3,2,1,2014,180492.0408
1302,3,1,0,1999,149776.2827
1868,4,2,2,2013,187451.0664
2978,5,1,1,2009,333100.2367
1083,5,1,2,2009,133453.8599
2797,5,2,1,1996,239695.2572
2976,5,2,0,2002,274366.5496
2476,5,1,0,2014,234042.2325
2410,3,3,2,1994,235622.2583
1569,5,1,0,2008,171448.5959
2915,2,2,0,2010,314221.5439
2550,2,2,0,2018,247401.0117
2186,3,3,1,2018,232121.0224
1791,4,1,0,1994,214792.7906
2083,2,3,1,2017,209129.078
2050,2,1,2,2018,247599.5422
2585,3,3,1,2017,353287.462
1198,5,2,0,1993,174996.6735
1348,3,2,2,2004,166770.6982
1692,5,1,1,2012,203759.1963
2851,4,1,0,2002,335302.7653
1898,5,3,0,2002,214380.9415
1526,3,1,0,1994,93253.53016
1205,3,3,1,2017,170009.4171
2259,3,3,2,1992,318891.913
2763,4,2,0,2021,268000.0357
2701,3,2,0,2009,236968.1167
1955,4,2,2,1999,258496.9749
2854,2,2,1,2015,289419.8669
1725,3,1,1,2009,259292.1701
2013,5,1,0,2017,203684.7563
1500,5,3,0,2010,247409.4424
1394,3,1,0,2007,167619.1185
1720,2,2,0,2004,175874.9009
2812,3,2,0,1999,354452.2052
2518,5,2,0,2008,291236.8907
1165,4,1,2,2015,83578.20151
2324,2,1,0,2004,295367.0501
1800,4,3,2,2004,228541.6278
1101,3,1,2,2003,42437.60133
2415,3,3,1,1991,276159.3472
2111,4,1,2,1996,137318.9931
1400,3,2,1,2000,123048.2769
2695,4,1,2,2002,287207.7136
1591,3,1,2,2002,157065.9033
2333,5,1,1,2006,323516.4802
2683,2,1,2,2008,243126.3957
1672,2,3,0,2014,94607.22727
2951,5,2,2,2007,268385.0142
2888,4,3,2,2016,233635.5747
1001,2,3,1,2014,87541.82201
2689,3,3,2,2019,318295.1545
1193,4,2,1,2009,236465.8227
1870,4,2,0,2010,337177.2217
1121,3,2,2,2004,113407.3474
1142,2,2,1,2003,154684.26
1105,2,2,0,1995,113758.5478
1886,3,3,2,1996,253214.4977
2328,5,2,0,2013,250847.4597
2994,3,2,1,2006,312970.6595
1773,5,2,0,2010,178547.4414
2096,4,2,1,2005,273344.9917
2439,2,1,1,1990,295026.1699
2287,5,3,0,2011,310456.1576
2341,4,2,2,2015,379615.8577
2107,5,1,2,2021,279191.8835
1382,2,2,2,2015,166040.7512
2107,4,1,1,2001,268897.9837
1207,2,3,1,2018,218288.3557
1899,3,3,0,1996,291915.3746
2337,3,1,1,2000,233617.2524
1409,3,3,1,2013,245778.5885
1894,5,1,0,2007,232071.0366
1873,4,2,0,2017,186791.4342
1013,2,2,2,1993,100403.4295
1970,2,3,2,1999,268374.3192
1977,2,1,0,2008,229186.6569
1086,5,3,1,2020,170203.9186
2547,3,2,0,2007,294899.4075
1908,3,3,0,1991,241716.4515
2560,4,3,1,1999,216130.4525
2324,5,3,2,1993,315250.5521
2266,5,3,2,2007,283198.4033
2379,5,1,2,2001,186418.0501
1684,4,3,2,2006,79417.91467
1287,3,3,0,2001,151588.7534
2617,3,3,2,2008,247058.7696
1913,4,2,1,1996,260313.5947
1548,2,2,1,1994,58109.07234
2375,2,3,1,1997,248397.78
2666,3,1,2,2013,362104.9426
1923,5,2,1,1998,259885.5558
2737,5,1,2,2011,180398.5798
1444,4,2,0,2020,134511.9644
1092,4,3,0,2011,157007.1805
2973,3,3,2,2020,289676.4751
2230,5,3,2,2014,275099.0399
1902,2,2,2,2020,114062.1719
2355,4,2,0,2015,286501.4899
2840,3,2,2,2018,235415.604
1861,5,3,2,1997,262950.7116
1023,4,3,1,2011,103133.4287
1403,4,1,2,2011,141174.4063
1804,5,1,2,2019,239387.735
1731,4,2,0,2015,248259.9537
1531,2,1,0,2017,126421.5013
1955,2,2,0,2016,206216.1507
2585,2,2,1,2001,304408.0773
2640,3,1,0,2017,196467.0094
2140,2,2,2,1996,170043.9336
2535,2,2,0,2004,288060.2065
2763,3,3,2,1992,332269.766
1577,2,2,0,2008,103459.5485
2394,4,2,2,2004,258244.1713
1185,5,2,1,2001,100248.6201
2291,4,2,0,1990,186664.5335
2666,2,2,1,2005,226809.6156
1529,4,3,1,1991,135051.5707
1793,2,3,1,1993,159201.2747
2321,4,2,1,1996,204259.4787
1939,5,3,0,2015,126323.6933
1525,4,3,0,2021,218224.0666
1333,5,1,1,1990,71804.3865
1836,5,2,1,2019,252130.7382
2957,3,1,2,2016,312899.3183
1317,5,2,2,2004,179351.1094
2525,2,1,2,1997,307337.297
2851,5,2,1,1998,296891.4356
1380,4,2,1,2012,207562.6035
2107,3,3,2,2021,234743.7178
2880,3,1,0,2007,296695.0318
1027,4,3,2,1991,13566.0007
2186,2,3,2,2015,148133.513
2252,2,1,1,1999,293165.5639
2472,5,3,1,2009,232360.2725
2699,2,3,1,2003,277080.8921
1300,2,3,1,1999,73883.85672
2326,3,3,2,1991,263135.9366
1286,4,3,1,2004,192515.937
2418,5,2,1,1990,338348.014
2033,4,2,0,2013,295488.0862
2730,5,3,2,1998,341811.1812
1591,4,2,2,2005,188416.2401
2628,3,2,1,2010,311197.4517
1861,3,2,2,1997,339204.1049
2280,3,2,1,1998,267114.3135
2299,2,1,2,2021,305690.6596
2130,3,2,2,1994,176719.4938
2956,4,2,2,2008,289915.196
1686,3,2,2,2005,181073.1441
2227,5,2,0,2004,284922.6181
2520,5,3,2,2020,352133.3165
2579,5,2,1,1999,364749.9692
1155,2,2,0,1990,147641.4365
1956,2,3,1,2009,110881.1738
2665,5,3,0,1997,344862.8603
2316,2,3,0,2015,200779.6339
2043,5,1,2,2001,263793.7083
1281,5,1,2,2010,202334.9994
2024,2,3,1,2016,161800.5406
2058,3,2,2,2012,92498.86892
1197,4,3,1,2008,193111.491
1484,3,3,0,2007,239349.2946
2780,4,1,0,2002,251076.6243
2082,5,1,0,1993,195175.954
1836,4,1,1,2021,259690.384
2229,5,2,1,2018,283708.9437
2035,3,1,2,2013,188192.9089
1241,2,2,1,2003,170266.6006
2274,5,1,2,1998,232965.5287
2329,5,1,0,1994,260713.6779
2062,3,3,0,1993,296675.9481
2246,4,2,1,1991,217967.7508
1494,4,1,1,1992,148691.3133
1426,2,1,2,2015,232000.767
2875,4,2,0,2018,337495.6786
1383,3,2,2,2000,120815.8061
2661,4,3,2,2021,367853.9714
2836,2,3,2,2014,418522.5923
2969,4,2,0,2010,334202.17
1745,5,2,2,1996,205364.1488
1891,4,1,1,1992,141115.4222
1668,4,3,1,2016,196091.7956
2375,3,2,2,1996,248961.0116
2518,4,3,0,1998,284990.8522
1085,2,3,2,2001,138358.3687
2198,3,3,0,2010,292994.7146
2825,2,1,1,1999,296205.434
2216,4,3,1,1999,299511.5498
1310,4,3,2,2007,144022.4216
2142,3,1,1,1997,195406.2799
1426,3,2,2,1995,147472.0527
2993,5,2,2,1991,272859.1335
1113,2,2,0,2001,98327.59324
1302,3,1,0,2009,146333.1635
1743,2,1,1,2021,173744.8699
2904,5,1,1,2011,267200.3334
1986,2,3,0,2011,189368.6125
2863,5,3,0,2001,357263.9717
1344,5,2,0,2006,181088.983
2987,5,3,1,2009,422736.6721
1800,5,1,1,2021,219069.6592
2677,4,1,0,2008,321174.2379
2092,2,3,1,2021,201153.1182
1360,3,2,0,2012,183964.3101
2625,4,1,2,2014,363102.0068
2981,2,1,1,2002,423326.2272
2985,4,3,2,2008,263676.3903
2009,5,3,1,1993,261256.7992
2989,4,1,1,2010,289565.1313
2184,2,2,1,2013,252542.0989
1780,3,2,0,2002,276509.9508
1584,3,3,0,2012,145706.5564
2780,5,1,1,2020,322462.8509
1588,4,2,1,2001,227434.1097
1488,4,3,1,2011,219217.3449
2347,2,1,2,2017,323942.1595
2633,4,1,2,1991,324386.7539
2125,5,3,0,2010,278907.4354
2637,2,2,1,2018,317824.7804
1018,5,1,2,2001,47902.23915
2617,3,1,0,2000,324141.8085
1396,3,1,2,2015,109796.9429
2000,2,1,2,2010,240007.3839
2302,4,3,1,2017,286117.0801
1850,4,1,0,2016,223867.5726
2388,2,1,1,1991,260870.0683
2664,4,1,0,2009,206396.1478
2367,2,3,0,2020,342694.3257
2624,2,3,0,2000,307045.347
1724,3,1,2,2001,259480.9447
2099,4,1,1,2001,139606.5251
1916,5,1,1,1993,220955.1807
2440,3,3,2,2021,251357.7136
1735,5,2,1,2005,262376.6293
2520,2,3,0,2007,285799.6623
1290,3,2,2,2000,169224.3714
2963,5,3,1,2020,272009.5364
2290,5,3,2,1998,294583.7863
1866,4,2,0,1998,261400.116
1973,4,2,2,1996,271382.7446
1961,2,3,2,2010,257727.6311
2800,5,3,1,1998,243474.4477
2026,2,3,2,1997,198205.3994
2817,4,2,0,2009,284652.0788
1327,2,2,2,2004,70898.66643
2947,5,2,2,2014,315835.7699
1628,2,1,1,2003,144881.1749
2244,5,2,1,2006,258201.5359
2177,2,1,0,2010,219665.9238
1664,4,3,0,2005,218455.7743
1011,3,1,0,2017,107334.4886
1303,5,1,2,2006,115553.7395
2316,5,1,0,2018,215415.3337
2323,4,3,2,2009,261706.0345
1782,2,3,2,2018,191120.2962
2837,4,3,2,2011,350986.4062
1363,3,1,0,2014,153662.2957
2004,3,3,1,1993,202831.9183
1406,4,1,0,1998,180241.4098
1618,2,3,1,1997,263024.8079
1335,5,2,0,1996,207957.9275
2140,4,2,1,2011,283147.392
1398,2,1,2,2006,134718.9474
1792,4,1,0,2018,172927.9341
1323,5,3,2,2013,127279.01
1788,5,1,0,2008,109080.5903
1469,2,3,1,1991,159711.2582
1786,5,2,1,1993,224234.0608
2916,4,3,1,2003,225743.166
1372,4,3,0,2001,221983.7914
2587,2,1,1,2008,334517.4073
1493,3,3,0,2007,189121.5177
1750,2,2,1,2018,199661.2722
2179,4,1,1,2016,261252.9062
1290,5,3,0,1994,237567.6011
2167,3,1,2,2021,336045.5801
2443,5,2,2,2014,296033.6043
1001,3,2,1,2019,55453.87009
1643,5,1,2,1990,183378.0071
1349,3,3,0,2007,96544.77518
2286,2,3,2,2007,255788.8944
2374,4,2,2,1992,178494.5998
2131,4,1,0,1994,299860.5025
2062,3,2,1,2018,208711.0141
1908,4,2,1,2018,189094.1749
1158,3,1,0,2008,120431.3469
2606,5,3,1,1999,292542.7866
2264,4,3,0,1998,278394.512
1444,2,3,0,2013,211016.0808
1297,3,1,2,2020,228138.3046
1035,2,1,1,2004,171830.3885
2107,4,1,1,2015,184956.0496
2475,3,1,2,2007,202637.0719
2909,2,1,1,2004,256533.3196
2408,3,2,2,1992,237328.011
2195,3,3,2,2014,251000.6652
2399,5,3,2,2004,207405.8715
2708,2,3,0,2014,265416.4569
1558,3,2,1,2016,160990.2846
1140,4,3,2,1990,164163.3739
1886,4,1,2,1999,222052.0367
2941,4,3,2,2006,310126.5619
2141,4,3,1,2011,155736.7739
1725,5,2,2,2001,232256.4052
2243,4,3,2,1997,264519.657
2049,4,3,2,1991,236049.7019
2806,4,3,0,2008,241125.0277
2656,5,2,0,2012,304907.9897
1151,5,1,2,1990,92403.9845
2072,2,1,2,2009,188349.2923
1858,5,1,0,2021,172653.7246
2083,2,1,0,2013,311910.3567
1856,3,1,2,2009,244231.0021
1914,3,1,0,2003,176699.8165
2699,5,2,1,2007,270876.8999
2462,3,1,2,2012,275169.2956
1241,3,3,1,2021,209223.5346
2584,5,1,2,2018,232749.2271
1482,5,3,0,1998,218885.7468
1630,5,2,2,2009,136594.4343
1660,3,2,0,1992,222597.5899
1661,2,2,2,2021,170648.3719
2455,2,2,2,2003,266532.2488
1804,2,1,2,2000,244993.4185
2678,2,1,2,2009,227285.4996
1987,3,2,1,1999,157462.0344
2183,2,2,1,2006,305410.3992
1649,2,2,1,1997,277920.6683
2100,3,2,1,2020,160391.1618
1440,5,2,0,1996,200346.5505
2277,3,3,1,1991,308312.974
2620,3,2,0,1994,252661.2148
2681,5,2,2,1995,333142.5862
2858,4,1,0,2014,264489.8201
2577,2,1,0,2013,291404.286
2397,2,3,0,2013,246270.529
2190,3,1,0,2017,301750.7242
2960,4,1,1,2000,245558.9571
1998,2,1,2,2016,201815.4647
2303,3,2,1,2006,404064.4753
1699,4,1,1,2018,185469.9971
2241,5,3,1,2013,282479.0871
1553,2,1,0,2021,161477.8435
1287,5,3,0,2020,172234.7429
2764,4,2,2,1998,271981.5826
2699,3,3,2,2009,314445.3582
2922,4,1,0,2016,348293.5471
1647,3,3,1,1997,134233.4486
2376,3,1,2,2015,264559.8468
2914,3,2,0,1997,283707.3602
1707,5,3,2,2020,282229.3445
2804,4,3,1,1995,247972.4871
1827,2,2,2,2009,308786.6989
2665,4,3,1,2005,277346.6313
1427,5,2,2,1999,171739.9734
1159,5,3,1,1992,123518.6693
2253,5,1,1,2004,262816.6021
2735,5,2,0,2017,298865.5495
2835,5,1,1,2016,259976.4502
1057,5,1,1,1993,92447.12816
2282,5,1,0,2021,277838.5537
2861,2,1,0,1998,286280.9996
1726,5,1,2,2014,197917.2716
2195,5,2,0,2009,194148.8068
1769,2,1,1,1991,182714.5829
2232,4,3,0,1992,230141.3498
2494,2,2,2,2004,217345.3687
2287,4,1,2,1992,265385.7482
1661,5,3,1,1997,273609.881
2835,2,1,0,1998,280689.1106
2868,2,2,1,1993,299315.9118
1286,3,3,0,1993,177114.993
2326,5,3,2,2002,226148.0628
1207,2,2,1,2015,149446.025
1445,4,1,0,2021,185532.5265
1669,3,2,0,1996,193850.2296
1054,5,2,2,1995,164103.4116
2035,4,2,0,2000,183813.6733
1656,2,2,0,2012,236467.1067
2423,3,3,1,2008,408992.841
2671,3,2,1,1999,364027.0443
1979,3,3,2,2009,192164.8751
1514,4,3,2,2019,200556.9062
2679,3,3,0,1993,164170.0873
1236,5,1,1,2020,197949.2005
2302,4,3,2,2001,224883.0969
1626,4,3,2,1996,244823.3094
2127,5,1,1,2009,191954.0089
1363,3,3,1,2006,164961.4506
2656,5,1,0,1999,173033.9636
1405,2,1,0,2010,190279.3623
2012,4,3,1,2001,184556.1862
1783,3,3,0,1998,217462.2582
1459,3,3,1,2009,129503.4579
1737,5,2,1,2009,127925.261
2677,2,1,1,1994,263029.1643
1480,2,3,0,2011,110451.384
2686,3,2,2,2018,327467.7285
1113,2,3,1,2020,103271.5866
1360,2,3,0,2016,70719.58386
1340,3,3,1,2004,105658.7471
1760,2,2,2,2010,197457.2758
1968,5,1,2,2005,233516.4456
2203,2,2,2,2010,294099.9274
2725,2,2,0,1999,328977.2576
2689,5,2,0,2010,267700.7542
2219,3,1,2,1994,204841.7275
2442,2,1,1,2015,297776.6852
1405,3,1,2,1994,140509.8534
2124,3,3,0,2014,316920.5006
1243,5,1,1,1998,152934.5099
1011,2,3,2,2013,137967.2937
1560,3,1,1,2006,189661.6388
1041,4,2,2,1998,160042.756
2485,4,2,0,1992,262092.667
1133,3,1,0,1997,80594.28817
2871,4,3,1,2010,326375.3754
1947,2,2,0,1995,202304.1488
2549,5,2,0,2005,287182.5971
1398,2,2,1,1997,134286.8781
2428,4,2,0,1994,220874.9933
1577,4,1,1,2002,86547.87098
1930,3,3,2,2011,130717.9573
2489,4,2,2,1996,287435.8502
2229,3,1,0,1999,184609.1198
2811,4,3,0,2012,284051.5016
2791,4,3,1,1999,300843.7658
1792,5,1,2,2004,141586.2604
1821,2,1,0,2008,221151.9112
2805,3,2,1,1992,325843.3318
1832,2,2,1,1998,208247.0441
2133,4,3,2,1993,247235.3306
1335,3,2,2,2006,191030.5468
2459,3,1,0,2005,268616.6668
1898,3,1,1,1996,213395.488
1901,2,3,2,2021,130462.6407
2048,2,2,2,2005,266338.5958
2415,2,1,2,1994,228823.6392
1916,3,2,2,1999,212662.8763
1536,5,2,1,2014,166303.8134
2035,2,3,0,2009,275975.0652
2823,4,3,0,1996,379295.3927
1091,3,3,2,2017,139634.0765
1845,4,3,0,2020,200298.8294
2851,4,2,0,1996,193188.2721
2884,5,3,1,1995,362452.3218
2083,4,3,2,2015,178570.7985
1466,3,3,2,1999,207184.9652
2010,2,2,1,1998,191497.9843
2540,4,1,2,2015,317919.0315
1344,4,2,0,2001,158348.6355
1641,3,1,0,2013,233876.4134
1689,4,1,0,2017,211762.28
2276,4,3,2,2010,286560.3973
1456,4,3,1,2000,153904.0335
1982,3,2,2,1992,195499.4416
2122,5,2,2,1991,265550.482
2352,4,3,0,2008,323581.5326
2179,3,2,0,2007,218869.0694
1882,5,3,1,2011,225689.2699
1262,4,1,1,2006,170513.9305
1399,5,1,1,2001,212536.7276
2795,2,3,1,1994,293723.3971
2403,2,3,0,2003,301107.2443
2244,3,2,1,1991,275301.4633
1819,5,3,0,2007,144517.7104
1123,3,2,2,1998,92402.94372
1421,3,3,0,2010,183339.9549
2254,2,3,1,1991,216149.2845
1154,4,1,2,1999,161345.9555
1981,4,3,1,2003,271000.7215
2549,4,1,2,1990,237470.2005
1454,3,3,1,2021,215957.693
2764,5,3,2,2000,393864.7194
1597,5,2,2,1998,177048.8052
1509,4,2,0,1996,237548.3779
1245,2,2,0,1995,151889.0048
2614,5,3,0,2004,275197.2383
2911,2,3,1,2007,348178.4515
1212,4,1,1,1999,134972.3116
1241,5,1,1,2011,152976.4661
2716,2,2,2,1997,299032.0218
1172,5,2,1,2017,112546.1508
1671,5,1,2,2000,183244.6712
1163,3,3,0,2011,114009.4555
1464,2,2,1,2016,123522.8664
1496,2,2,2,2002,126123.3886
1394,5,3,0,1997,138880.1014
1702,4,2,0,2008,180800.4274
1307,3,1,0,1994,96464.69355
2791,2,2,1,2010,316930.2772
2817,2,2,2,2019,338627.003
1509,3,1,0,2006,116008.0091
1545,5,3,2,2005,259988.4039
2787,5,1,2,2000,240728.7458
1593,4,3,0,2006,203212.7314
1743,3,3,1,1995,233564.2789
2768,4,1,0,2005,226681.9544
2459,2,3,1,2003,232974.1703
2948,3,3,2,2002,283715.3805
2445,4,3,2,1992,113827.7656
1553,3,2,1,2001,172649.2993
1392,2,3,1,2009,191605.0123
1424,4,2,1,2005,133596.2554
2153,2,1,1,2013,169288.5717
1028,4,2,1,2001,120717.0354
2120,3,3,2,2020,244825.1606
2033,5,1,0,1992,180347.8961
1241,5,2,2,2007,192982.3992
1714,2,2,1,2004,175358.6972
1758,4,1,2,2005,143407.4765
1801,5,2,2,2009,157229.5024
1775,2,2,2,1996,171578.1451
1944,3,3,2,1990,130009.8006
1078,3,1,1,2007,57658.96129
2936,3,3,0,2011,289947.4395
1955,5,2,0,1990,238773.3124
2196,5,1,1,1996,194780.8881
1466,2,1,0,2006,156811.7644
2439,3,2,1,1994,267225.5738
1939,5,3,0,2004,260253.775
1086,2,1,0,2017,127241.756
1844,2,3,0,2011,225565.5271
1042,3,1,0,1995,114428.8059
2408,4,2,0,1993,353976.4838
2644,4,2,1,2000,235622.4051
1407,5,3,1,2005,165141.4607
1663,4,1,2,2000,198048.5434
2668,3,3,2,1992,233696.2862
1147,5,3,0,2014,67321.3716
1276,5,1,0,2008,165273.7725
1231,3,2,0,1990,144638.7181
1539,4,2,1,2003,166166.1651
1349,3,3,2,1994,237053.3426
2343,2,2,0,2007,196703.0299
2573,4,2,0,2005,165588.5823
1991,3,3,0,1992,155152.1827
1359,3,1,0,2009,138899.4748
1328,3,3,2,2021,165888.7736
1961,5,3,0,1990,216560.9931
1462,5,3,2,2008,205631.557
1962,3,3,1,1991,136922.901
2405,4,1,1,1995,320707.5064
2640,4,3,1,2010,299682.9632
1766,4,3,2,1999,189955.1372
2699,2,1,0,1997,312966.2803
1651,3,3,1,2005,189808.5161
1373,5,3,0,2008,132497.9906
2716,3,2,2,1998,321177.9522
1159,2,3,0,2010,126204.6848
2935,2,2,2,2014,310095.1201
2249,4,1,1,1996,227382.4833
1521,2,3,0,1996,190829.5939
1782,5,1,2,2015,314004.3201
1272,5,2,1,2014,157232.4164
1935,4,3,1,2010,146276.7206
2992,3,1,0,1999,324707.658
2688,2,1,0,2018,272252.4117
1487,4,2,0,2013,172630.7945
2850,5,3,2,1997,348967.9234
1984,5,2,0,2013,217392.2378
2649,3,2,0,2000,358652.4308
2748,5,1,1,2008,304504.398
2195,2,2,0,2018,109733.1424
1685,5,3,2,2012,142153.2851
1112,5,1,1,2005,70445.46443
1121,2,3,2,2006,101599.9098
2567,2,2,2,2006,282166.6719
2245,3,1,2,2017,343022.7574
2654,5,3,2,1999,297306.9439
1496,3,1,0,2010,231832.9731
2256,3,3,0,2016,248975.8353
2420,2,1,1,2020,335654.6821
1301,5,1,1,1997,82347.26906
2383,5,1,2,2003,225942.174
1237,5,1,1,2004,220770.215
1646,5,3,1,2007,295325.5508
1662,4,1,2,2005,147084.9127
1235,3,2,0,2012,19871.25115
2759,2,2,1,2013,313276.2532
1661,2,2,0,2007,164928.548
1234,4,3,1,2002,64552.72702
2368,2,3,0,2017,309664.598
2820,5,3,2,1997,338858.368
1769,4,2,2,2006,261743.9067
2486,4,3,2,1995,319032.1494
2430,4,1,2,1998,299338.6524
1277,3,1,0,1992,69539.33493
1420,4,1,2,2018,156561.6257
2376,5,1,1,2010,254442.4445
2653,2,1,0,2011,192253.8753
1018,5,2,2,2006,128947.1792
2053,4,3,0,1998,256961.1189
2830,4,3,2,2000,280565.9844
1107,3,2,0,2008,189618.7095
2390,3,2,0,1990,209809.9029
2252,2,2,1,2017,249661.2375
1135,3,2,0,2021,157990.0476
2607,2,3,2,2004,215014.2583
2127,3,1,1,2012,221557.2436
2889,3,2,1,2009,412180.6786
2514,5,3,0,1993,276918.7546
1472,2,3,1,1999,147911.1591
2428,3,1,2,2019,232022.0638
2919,2,3,0,1999,254693.6927
2754,4,3,2,1991,280689.2339
2089,3,1,0,2013,261293.3782
1936,2,2,2,1991,224127.1424
2036,2,1,0,1995,242475.6811
1499,5,1,2,2007,118865.2479
1931,2,1,1,2013,257032.8913
1565,2,2,0,2020,185563.7578
2035,2,3,0,2004,259814.2224
2460,3,3,1,2009,248555.109
2778,4,2,1,2014,318478.9075
2758,4,3,1,2011,271596.9777
1131,3,1,1,1999,171937.2261
2043,4,3,1,2002,217343.663
1535,2,1,1,1990,213733.3771
2013,2,2,0,1990,266794.0985
1226,3,1,2,2008,165595.0854
2492,2,1,2,2003,320150.1052
1821,4,2,2,1995,188399.6186
1404,5,2,0,2005,77075.49364
1201,3,1,1,2006,129520.4436
1187,2,2,2,2004,211295.0221
1272,3,2,0,2011,213233.2984
2142,4,2,0,2017,148585.6112
1582,2,3,0,2010,169730.0933
1515,4,3,0,2012,157802.861
2751,3,2,1,2004,280059.6977
2764,2,1,0,2005,221608.0864
1335,5,1,1,2014,187410.458
1899,2,2,1,2009,221111.313
2911,4,2,1,2006,249657.28
1535,5,2,2,1999,305659.5845
2693,3,2,0,1997,260102.3187
2938,5,2,0,2013,241186.5709
1158,3,1,2,2008,167100.6521
2840,4,3,1,2011,353639.1194
2342,4,3,0,2019,212892.9357
1210,5,1,0,2019,89705.1585
1663,2,3,0,2020,167679.8968
2099,3,2,0,2000,314619.8376
1541,2,3,1,1994,227911.994
1997,4,2,2,1996,220657.9832
1867,4,2,1,2017,143930.5258
1431,3,1,1,2021,193015.2045
2708,4,3,2,2004,284986.7129
1739,5,2,2,2016,183037.5106
2373,5,3,1,2013,297296.0006
1480,3,1,2,2014,206367.8239
2169,4,2,0,2014,246342.4858
1830,3,2,1,2009,245287.5254
2136,5,3,1,2007,270464.4601
1762,5,1,0,2000,150840.4402
2326,4,3,0,1999,298666.7447
1970,5,3,2,2016,240967.2793
2848,4,1,0,2005,328773.3981
2836,4,1,0,1999,270068.8025
1160,2,1,2,2007,183294.6824
2733,4,1,1,2019,208916.6289
2582,2,1,1,2021,272727.8839
2423,5,2,1,2001,329919.086
2596,2,3,2,1999,315521.4706
1049,5,1,2,1991,78552.60333
2794,3,1,1,2019,263332.1577
1972,3,3,2,1991,243326.4915
2648,4,2,2,1998,303507.0475
2900,3,3,2,2015,412564.994
1562,2,2,2,1993,152606.4096
1756,2,3,2,2005,276174.4772
1546,5,1,0,2007,184503.3402
2325,5,2,2,1994,259824.0601
1580,2,2,2,2008,78396.45392
2956,3,1,1,2017,350610.4492
1048,3,3,1,1997,131916.5883
1916,5,3,1,2006,245129.2895
2097,4,3,0,2021,222578.8924
2625,3,3,0,2021,208658.3035
2283,2,1,2,2018,267261.5632
1637,2,3,0,2003,188448.8732
1742,5,3,2,2001,250110.5778
1640,5,3,2,2010,213272.1593
1791,4,2,1,1999,186789.8583
2336,5,2,0,2016,257880.246
1611,3,3,1,1994,148121.8992
2205,2,2,2,2001,242852.8854
1685,3,2,2,1992,224795.1931
2592,4,1,1,2017,272838.0104
2687,2,3,0,2000,274204.2909
1984,5,2,2,2003,228769.5252
1617,2,1,0,1998,121459.5318
1413,4,3,2,2001,168104.0733
2365,2,3,0,1992,208800.4412
2243,3,3,1,2003,254461.0169
1902,5,2,2,2009,203243.006
1269,2,2,2,2010,156919.1165
1631,3,3,2,2000,180881.3983
1905,2,1,2,2017,172504.5302
2423,3,1,1,2015,243828.3053
2641,2,3,1,2013,319018.0324
1204,3,3,1,2018,139409.1161
1581,5,1,0,2014,180417.3337
2836,3,1,0,2005,325137.9298
2719,2,2,1,1993,319052.6417
2642,3,3,0,1994,291488.9833
1249,3,2,0,2015,174210.344
2464,3,2,0,2015,218931.1135
2556,2,3,2,1993,332312.8364
1195,4,3,1,1994,152033.9592
2542,4,3,2,1998,293393.8907
2093,3,2,0,2001,235960.8406
1671,5,3,0,1992,97986.38853
2940,2,2,2,2017,363669.0211
2689,3,3,0,2020,246961.947
1491,5,3,0,2021,203129.9385
1895,5,2,1,1999,292255.3198
1020,3,1,0,1999,128991.8166
2105,2,1,2,2017,165743.7921
2604,5,2,2,2019,295541.012
2753,5,1,2,1994,338912.5225
1983,5,1,0,2007,208323.6119
1304,2,3,0,1997,136575.8733
1370,4,2,1,2004,182711.0475
1852,5,3,0,2013,152756.8729
1424,5,2,0,2005,138052.9177
1628,5,1,1,1992,219416.2198
1894,5,2,1,2015,258411.4148
1489,3,1,1,2007,165024.0039
2016,2,1,2,2011,229519.9721
1597,2,3,2,2006,102084.3954
2596,3,2,1,2020,186478.9759
2377,3,3,2,1995,252863.2526
1965,2,3,2,2000,97448.90285
1609,5,3,2,2010,201999.8012
1841,5,3,0,2013,185884.9233
1852,2,3,1,2012,266982.5714
1841,5,2,2,2012,237786.2795
2702,2,3,0,2020,319839.2558
1587,3,1,2,1998,229363.3453
2959,3,3,2,2009,336154.7418
2979,3,3,2,2010,402057.3858
1570,5,2,1,2018,285697.7885
1242,5,3,0,2013,222880.0087
2854,5,1,1,2017,240094.2447
1959,4,3,0,2006,254828.5093
2177,5,2,0,2015,204084.141
2901,5,1,1,1991,251995.0279
2678,5,2,1,2003,252127.8907
2749,4,1,0,2013,226370.2691
1627,4,3,2,2016,249043.3959
2404,3,3,0,2016,223260.555
1679,5,3,2,1997,266903.6131
1057,2,1,1,1995,159501.5416
1446,5,2,0,2017,70829.8175
1065,2,2,1,1999,120262.984
2783,2,1,0,2014,272816.9939
2277,4,1,2,1993,270239.0504
2991,5,1,2,1995,258926.032
2120,4,2,0,1997,237816.9349
2577,5,1,1,2014,334629.6946
2011,5,1,0,2008,244904.1706
1600,5,3,2,2010,214499.2518
2938,3,1,2,2008,258762.1383
1503,5,1,0,2002,223601.1649
1007,5,3,1,2009,180894.9181
2943,4,3,0,1997,340432.9106
1475,4,2,1,2004,203692.0315
1163,3,3,0,2011,149155.7128
1484,3,3,2,2012,127678.3628
2620,4,1,1,2006,278907.9416
2095,4,3,1,2003,143133.1477
1904,2,2,1,1998,247619.1691
1558,2,3,1,2016,121452.2986
2967,2,3,0,1991,250149.0714
1237,2,3,1,2018,254997.2311
1553,3,1,1,2003,298798.4605
1467,4,1,1,2021,223645.4544
1774,5,3,0,1990,144503.0058
1876,2,3,0,2001,207864.3503
1258,4,1,1,2005,194533.3471
1485,3,3,2,2018,222167.7935
1219,3,2,1,2004,98540.85109
2023,5,1,0,2021,234453.7925
2543,2,3,0,2015,388387.6519
1927,3,3,2,1992,177180.877
2915,5,1,1,2017,326510.2445
1687,5,1,0,2011,159679.7221
1612,4,2,1,1990,170287.5255
1965,4,1,1,2009,316948.7098
1365,3,3,0,2021,154675.5077
2810,5,1,2,2006,326710.6437
2910,3,1,1,1999,327108.7778
2039,2,2,1,1993,243155.5096
1574,2,3,1,2005,201584.1669
2132,5,3,2,2003,235097.2759
2125,2,2,2,2011,237631.1696
2758,5,1,1,2007,321218.7801
2594,3,3,2,2016,269835.6282
1246,3,2,1,2010,238678.6593
2663,5,2,2,2013,232404.4098
2818,4,1,2,2003,319694.0849
2816,4,1,2,2017,321258.3609
2939,4,3,1,2010,400094.0087
1929,4,3,1,1999,174309.4931
2405,4,1,0,1990,303638.8574
1644,2,2,2,2002,177846.2666
1226,4,2,0,2007,17865.52342
1264,2,2,2,2021,144446.7458
2509,2,1,2,2005,253878.9885
2457,3,2,1,1995,182843.8214
2400,3,2,2,2009,308498.0569
2418,4,3,1,2009,315292.6392
2899,2,1,2,2003,281121.2189
2751,4,1,0,2000,223904.5451
2821,3,2,1,2000,285759.4305
1985,4,1,0,1996,195282.8048
1155,2,2,0,2015,151469.8015
2783,3,3,1,2012,270676.9921
2241,5,3,0,2015,195312.5014
2440,3,3,0,2008,229133.6831
2715,5,1,2,2020,319328.9946
1545,4,2,0,2018,180511.8658
1040,3,3,1,2010,160345.9863
1952,3,1,0,2003,285516.1574
1278,2,1,1,2013,152510.1994
2685,5,2,2,1992,293911.4044
1272,4,2,1,1999,157517.3086
1619,4,1,1,1990,225407.2119
2674,4,3,1,2013,210995.7361
1930,3,3,1,2002,144580.451
1723,3,2,2,2001,151304.0972
1482,4,1,0,2016,262268.4808
1155,3,2,0,2016,141160.282
2070,4,1,2,2017,286116.4175
2958,5,2,0,2002,386060.189
1200,3,2,2,2014,103547.1715
2683,5,1,0,2019,281391.5305
1123,3,1,0,2019,103542.4576
1000,4,2,0,1999,44328.56965
1639,3,1,2,2015,173415.878
1190,4,2,0,2011,167062.5887
1515,3,2,0,2002,189495.8617
2829,3,2,0,2020,335231.1489
1142,3,3,0,1991,189596.5819
1226,4,1,2,2011,256087.2162
2336,2,3,1,1990,277717.3153
2890,2,1,1,1991,323538.1668
2760,4,3,1,2003,274297.0405
1218,2,3,0,2000,107820.1404
1406,2,2,2,2019,162869.3558
1557,3,3,2,1991,205137.018
1549,2,2,1,2004,68475.27042
1611,3,2,2,2021,104059.3401
1500,2,2,2,1999,175201.5389
1839,3,1,0,2019,253862.1467
1595,3,1,1,2004,113317.5104
2904,4,3,2,1998,315256.905
1423,3,3,1,1997,183343.9669
1269,4,1,0,1993,209453.7758
1153,3,2,1,2008,137684.3437
2449,4,2,1,2014,372438.854
2298,5,1,2,2001,291969.0126
1979,2,1,2,1996,140939.6711
1762,2,1,0,2007,248401.3455
1632,3,3,0,1991,102071.5414
1786,3,2,2,2001,155846.4491
1942,2,1,0,2008,210449.7209
2011,4,2,0,1994,243026.9293
2143,2,2,1,2017,256725.4007
2460,5,2,0,1996,216100.2362
1319,5,1,1,2005,196887.9027
1819,3,1,0,2016,218296.2582
1333,4,2,2,2010,173453.9563
1067,2,1,2,2014,118139.2021
2896,3,2,0,2018,250188.231
2660,2,2,2,2001,308820.2539
2645,2,2,0,2013,341165.4481
1476,3,1,0,2003,76517.84999
2693,4,3,0,1990,311970.9077
1267,4,2,0,2011,121389.4541
1778,4,2,0,1992,148993.0823
2599,2,1,2,1990,190661.6049
1493,2,2,2,2005,209050.0327
2492,4,1,0,2003,284315.6615
1660,4,1,2,2000,142039.2246
2986,2,3,0,2021,317052.3342
2952,3,3,2,2018,240502.0301
2012,3,1,2,2013,189205.3339
2224,5,1,2,2000,264060.1288
2347,3,1,1,2018,240661.3174
1976,2,3,1,2002,148218.1001
1479,4,1,2,2015,135750.6503
2088,2,2,2,2014,344249.3356
2324,3,3,2,2001,317217.8931
1342,5,1,1,1998,238184.5595
2454,4,2,1,1994,243890.6421
1331,4,1,0,2020,146981.4099
1526,4,2,1,2018,288205.0827
1658,5,2,1,1991,191347.5326
1819,4,2,1,2001,183392.4406
1405,5,1,0,1999,169089.1791
1178,5,1,2,1998,226191.0346
1131,2,2,1,2002,201836.0999
2429,5,3,0,2009,174262.5225
1075,2,2,1,2013,18134.11801
2964,4,3,0,2005,269043.6619
1853,2,1,2,1991,195884.919
2515,2,2,2,1991,231411.2438
1193,4,1,1,1996,181275.1623
2185,2,3,2,1990,311641.7827
1950,2,2,0,2014,127287.9431
2384,3,2,2,2020,219281.7959
1213,5,2,2,2015,210426.6543
2688,3,1,2,1996,222572.8828
2936,4,1,1,2005,272193.4163
1572,2,1,2,2008,108637.5695
1779,4,2,1,1990,243951.8891
1282,4,2,1,2000,87163.1192
2490,4,1,2,2007,227226.5617
2403,5,1,2,2018,251280.0211
2472,2,2,2,2017,187265.8348
1092,3,1,1,2001,155774.7049
1866,2,2,1,1994,97790.01765
2447,2,2,1,2003,176544.8308
1748,5,2,0,1991,196115.3151
2875,3,2,0,2013,320582.2153
1700,3,2,0,2001,68423.28375
1048,4,2,0,1995,97983.48638
1880,4,2,1,1996,229092.12
2159,4,2,1,2014,242669.93
2780,2,1,0,2017,245715.4515
2968,4,1,0,2001,251600.8542
1617,3,2,1,2007,206275.8199
2386,5,3,2,2003,263665.1389
2845,4,3,0,1999,401747.941
1381,3,3,2,2017,285046.8545
1232,2,1,0,1995,183435.7285
1552,5,3,2,2016,88296.55893
1855,4,2,1,2005,192065.1448
2812,3,3,0,2011,272586.038
1818,3,1,0,1992,228535.9079
2574,5,1,0,2018,289319.962
1778,2,2,1,1990,175896.6371
2682,2,2,2,2007,135953.2757
1126,4,3,1,2013,60804.94938
2580,3,2,0,2002,275355.6383
1000,5,3,0,2000,72076.31198
2643,2,2,1,2001,311423.6844
2355,4,3,1,2020,311412.2452
2324,5,2,2,2002,381612.4555
2273,2,3,2,1999,231772.1841
2476,2,2,1,1991,207820.5022
2004,3,1,0,1998,217304.484
2712,3,1,1,2016,313963.2355
2875,5,3,1,1998,276767.4531
1849,5,1,2,2013,199237.4731
2681,2,3,2,1992,255032.6897
2985,4,1,1,2018,271460.2252
2347,4,1,0,1994,258853.6884
1989,4,3,0,2005,254275.8225
1638,2,3,2,1999,194696.1609
1419,3,2,0,2005,213825.2754
1593,3,2,2,1993,115201.6148
2682,5,1,0,2006,326169.4444
1411,2,1,2,2019,95147.82512
2107,5,2,0,2001,216101.8159
2760,5,3,2,1995,413360.7352
2401,5,2,0,1994,239283.8351
1654,2,1,0,1992,183267.2618
1040,2,2,2,1998,156117.8359
1958,5,1,1,2016,307868.3297
2820,3,1,0,1990,297071.1216
1201,2,1,0,1999,171661.8003
1449,4,1,0,2016,166025.2637
2289,4,2,2,2015,331590.5023
1209,2,1,0,1990,225647.7395
1562,5,2,2,1993,128273.6085
2141,4,3,1,1995,221440.6608
1712,5,3,2,2004,176350.4253
2400,3,3,2,2004,251676.7993
2574,2,2,1,2020,258226.5758
2563,4,3,2,1994,200856.3807
1453,2,1,2,1993,148814.2331
1666,4,1,2,2016,185248.4301
1628,3,1,1,2015,182089.2827
2537,5,2,2,1993,265746.0268
2628,3,1,0,2010,200926.9207
1386,5,1,2,1998,172625.0783
1295,5,1,2,2000,174626.4144
1257,4,1,1,1998,10094.56966
2104,4,2,2,2020,345670.4575
1267,3,3,1,1991,116625.7064
1234,3,1,1,2003,130872.1965
2856,3,2,1,1994,226021.3897
2334,4,1,1,2011,172303.9425
2836,3,1,1,2013,243418.0547
2317,2,2,2,2009,267479.2428
2819,3,1,1,2001,207258.876
2461,3,3,1,2016,211562.0758
2130,5,1,1,1994,194044.2893
2681,3,3,0,2001,289744.9749
1419,3,3,2,2016,76391.60247
1610,5,2,1,2002,130997.0802
2452,2,1,1,1996,222311.8404
2053,3,2,0,2009,191672.3893
2211,5,3,2,1993,283745.8968
2823,3,3,1,2001,410138.5709
1194,3,1,2,2006,169533.7707
2195,2,2,0,2013,216315.2227
2064,4,3,0,2020,273423.3474
1022,3,2,1,2004,100397.6653
2098,3,2,1,1998,221191.1642
1559,4,2,0,1995,217002.248
1671,4,3,0,2009,103320.041
2141,3,1,0,2001,274760.4721
2635,4,3,2,1996,269129.4894
2952,2,3,1,1996,354276.0037
2313,4,2,2,2020,211839.2555
1006,5,2,2,2004,116681.8387
1420,3,1,0,2014,132064.9067
2591,4,1,0,2009,292448.1766
1832,3,3,1,2020,212327.7064
2692,5,2,0,1997,367198.7841
2467,5,3,0,2009,324024.1039
1913,3,1,2,2013,204076.6553
1125,2,1,0,1997,195181.5428
1394,2,3,1,2009,158408.5472
1816,4,3,0,2005,183558.1218
1880,5,3,0,1992,238701.8145
2829,3,2,1,1997,291824.8522
1575,3,1,2,1994,113120.971
1324,5,1,0,2001,194064.9528
1929,3,2,2,2012,198296.3394
2711,2,2,2,2014,256428.9069
2651,3,1,2,1991,287705.719
2463,4,1,0,1997,268952.3994
2227,4,3,2,2005,278211.514
1832,2,2,0,1992,237428.6904
2054,3,1,0,2011,123569.7427
2900,5,1,2,2019,343501.2377
1925,3,1,1,2009,233181.4307
2399,2,2,0,2000,209977.8544
2602,3,3,1,2005,271146.503
1074,3,3,0,1995,164116.0081
2795,4,1,0,2011,236582.4447
2453,3,1,1,1992,289370.0393
1910,5,2,2,2003,200687.9687
1244,4,2,1,2018,130524.4645
1541,3,1,1,2018,206021.7182
2572,4,1,2,2016,262901.3979
2058,4,3,0,2001,192263.2344
1645,2,2,0,1991,237441.3097
1785,2,3,0,2018,185785.885
1368,3,2,2,2016,114712.9061
1796,5,1,1,2020,231738.5856
1430,3,1,0,2018,113543.4329
2936,5,3,0,1996,381014.0425
1108,3,1,0,2018,152144.4806
2759,3,3,1,2021,296765.6338
2007,4,3,2,1999,231951.386
1364,3,1,2,2001,127072.7846
2877,2,3,1,1992,353207.3734
2577,5,3,1,2020,270419.0639
2377,3,2,0,2005,301143.078
2439,3,2,1,2019,271642.3595
2586,2,3,2,1997,332524.7936
1761,4,3,0,2016,214158.6463
2520,4,1,2,2018,299213.7207
1340,3,3,2,2007,154517.9613
1382,3,2,1,2014,152367.0158
1299,2,2,1,2018,108683.276
1358,4,3,2,2021,156427.7173
1835,4,3,0,1996,191213.4898
2982,5,2,1,1998,357463.9674
2134,5,3,1,2004,269763.7979
1995,5,2,2,1990,198138.3747
2237,4,1,2,1997,253802.9797
1786,3,2,2,2015,167214.3889
1164,4,3,0,1996,226347.0096
1998,3,1,2,1995,180257.8872
2307,3,2,2,1995,299257.5613
2909,2,3,2,1990,250886.5844
1063,5,3,2,2002,135474.9045
2889,5,3,1,2019,389375.2606
2582,3,1,1,2001,277777.874
2163,3,2,0,2012,176463.1117
2684,2,1,0,2020,312011.8404
1475,2,2,0,1990,157014.2286
2540,4,2,0,2005,260608.5027
2043,5,3,1,2001,214999.566
2960,5,1,1,2014,300450.9708
2017,2,2,1,2020,222278.7378
2547,5,3,1,2018,258466.3411
2552,4,2,2,1990,353528.6576
1819,3,1,2,2005,250709.2757
1863,4,2,2,2006,252097.7119
1694,3,2,0,2003,176289.5557
2125,3,2,1,1990,286505.2523
2610,5,1,0,2009,306545.1982
1406,5,2,2,2000,145345.4854
2946,3,1,0,1996,308601.6061
1760,5,3,1,1991,209375.8923
2777,3,2,2,1990,285345.9463
2488,5,2,2,1996,426908.6825
2714,5,2,0,2001,299599.07
2972,3,3,1,2015,298219.258
2710,2,3,2,2006,261861.5127
2071,2,3,2,1995,94290.36691
1510,3,1,2,2010,181045.7861
2352,4,3,1,2021,353792.1916
2872,3,3,1,2005,419879.2735
1146,2,1,0,2001,208399.0792
2517,4,1,1,2010,337159.5905
2724,2,1,0,2011,278196.8263
1719,4,3,0,2014,239433.0496
1021,2,3,2,2004,191273.0368
2372,5,1,0,1992,216848.4171
2749,3,3,0,1998,304295.2941
1905,2,3,1,2014,244659.9318
2833,3,1,0,2007,260332.9333
2999,4,1,2,1996,287295.3687
1193,4,2,1,2006,160966.5546
2704,2,1,1,2021,334670.6242
2687,5,2,2,2013,242187.3613
1056,4,3,1,1990,164034.1691
2757,5,3,2,1990,286397.0988
2326,3,3,2,2008,324337.8015
2393,5,3,1,2013,322070.3707
1263,4,3,1,1990,206155.619
1112,4,2,2,2011,70187.86381
1541,5,3,1,2017,267047.5864
1646,3,1,1,1999,75404.70923
2088,4,3,2,2016,228160.2905
1024,5,3,0,2018,166975.693
2572,4,2,0,2009,316432.2695
1000,4,2,2,2009,225548.4237
2572,3,3,1,1991,332974.1111
1647,5,1,0,2020,138120.7662
2924,2,2,1,1993,351125.8732
1187,4,1,1,2016,104820.4984
2151,2,3,1,1995,219018.0551
2150,5,1,2,2021,256300.7422
1256,5,2,2,2005,146013.2103
2699,3,1,0,2016,270296.9188
2127,3,3,2,2001,242618.2581
2558,3,1,0,2008,273453.9878
1801,3,1,1,2006,95067.63676
1941,5,2,0,1990,243472.8877
2997,3,2,1,1995,219808.2989
2407,5,1,1,2012,288029.9466
2283,2,2,1,2007,332368.885
1413,4,2,0,2000,122561.929
2381,5,2,0,1999,210605.226
2607,4,1,0,2014,236200.2175
2794,5,3,2,2020,389534.8023
2313,2,1,2,2007,311834.2037
2146,3,3,1,2002,256719.6803
2089,3,3,2,1990,267768.9559
1374,3,2,2,2004,93591.25075
2769,4,3,0,2000,371453.4799
1321,3,1,1,2001,117115.5068
1449,3,3,0,2020,180873.7453
1183,4,3,2,2020,85660.50372
2950,4,1,1,1994,341504.0146
1294,4,2,2,2017,186570.6892
1903,2,2,2,2011,177992.5106
2917,5,2,2,1991,307147.2347
2590,5,3,0,2006,351277.9662
2653,2,1,2,2021,227113.5872
1732,5,1,0,2021,166407.4526
2588,4,3,2,2016,254417.5385
2830,2,2,0,2009,173254.7482
1320,3,3,2,2020,216311.87
1780,4,3,2,1992,277908.4123
2426,2,1,1,2008,229287.6191
2076,3,2,2,2009,282822.3299
2336,4,3,0,1995,166973.4476
1725,5,1,2,2004,210289.9611
2097,2,2,1,2001,147501.7296
2033,4,2,0,1992,245323.8642
2507,3,2,0,1997,279307.3826
2589,2,3,0,2017,304956.6892
2587,3,1,1,2007,306022.5719
1659,3,2,0,1999,177904.756
1159,3,2,1,2001,129085.8379
2905,5,2,0,1992,288533.059
2201,5,2,0,1997,255837.3012
1411,3,1,1,2001,174929.0352
1407,2,2,0,2003,143653.746
1846,5,2,2,2017,291200.5182
2045,3,2,2,2014,212151.4967
1702,3,3,1,1992,229619.1179
1259,4,1,1,2003,134355.5188
2494,4,3,2,2019,199194.8548
2654,4,3,0,2005,256877.8751
2950,5,3,2,2013,391722.2207
2997,5,1,2,2002,368543.1829
1849,5,3,2,2007,254601.9494
2662,2,1,2,1992,281569.6626
2098,2,2,1,2016,168533.1239
2739,2,1,2,2008,261387.438
2614,2,1,0,1996,253204.5368
1990,5,1,2,1996,262715.0281
2264,5,1,2,1991,287178.2081
2017,3,1,0,2010,261654.2479
2884,5,2,2,2000,313504.2413
2177,2,2,0,2005,255524.7521
2119,5,1,0,1992,224268.1111
1208,3,2,2,1994,103279.6794
2366,5,1,0,2021,260777.2309
2111,4,1,1,1999,223531.7186
2960,5,1,0,2018,299961.822
1324,5,3,0,2003,86105.70703
2855,4,1,1,2008,337156.7975
2180,5,2,0,2018,293130.6705
1667,3,1,2,2004,157531.7773
1910,4,3,1,1996,213173.1168
1818,3,1,1,1994,233891.5105
1140,4,1,1,2020,23911.00312
2106,4,2,0,2017,276339.1048
1176,4,1,0,2004,117462.6769
1197,5,3,0,2020,154616.6559
2591,5,3,1,2004,346719.2391
1690,4,1,0,1994,199628.2252
1400,2,2,1,1998,105502.0307
2721,3,3,2,2001,287963.4563
2948,3,2,0,1993,321357.5519
1928,4,3,1,1998,205244.1572
2851,4,3,0,2003,282794.669
2752,3,1,0,2013,306857.7993
1631,5,3,2,1995,189708.3893
1174,2,2,0,2001,78487.66971
2748,5,1,2,2011,352610.5563
2036,2,3,2,1991,181121.4697
2808,5,2,2,2020,413131.017
2475,5,2,0,2021,234285.0792
1792,2,1,0,2021,208535.1416
2629,3,1,2,2019,277956.896
2736,4,2,2,2011,309411.5545
1532,2,2,0,1991,203960.9826
2875,2,2,0,2005,325873.5476
2124,3,1,0,2019,276060.6731
2525,5,3,1,2008,242453.3819
1870,4,2,2,1993,215841.5981
2519,3,1,2,2011,269755.1718
2681,3,2,2,1997,260133.1718
2791,3,3,1,2010,336147.2209
2259,4,3,1,1998,278408.6227
2478,2,3,0,2021,259451.9151
1740,3,1,2,2006,157650.0778
2482,2,1,0,1997,273868.2061
2123,4,2,0,2013,181444.1339
2878,3,1,0,2000,249882.7591
2928,5,2,1,2012,274669.7314
1775,4,2,0,2004,202630.6996
2051,2,1,2,2006,316939.7015
1939,2,3,1,2012,267202.3747
2172,5,2,2,1992,241699.7188
1355,2,3,2,2001,97337.19845
2556,4,2,0,1999,220946.9995
2275,2,2,1,2006,222056.8783
2673,2,3,0,1994,283856.4129
2067,5,2,0,1994,177724.0947
1052,3,2,1,2019,83600.30482
1557,3,2,0,2015,206590.7065
1386,4,2,2,2000,116963.7674
1613,5,2,2,2018,146233.2501
2559,3,2,1,1995,289133.6686
1739,2,1,1,2002,130895.3076
2401,2,2,0,2012,324275.4425
2856,5,3,1,2016,331372.7499
2179,3,2,0,1995,196551.3247
2710,3,2,1,2010,295320.4247
1103,5,1,2,2006,100871.3676
2818,5,1,2,2001,283828.0966
2525,4,2,2,2019,310630.8376
2722,5,2,1,2008,341048.0728
1174,3,2,1,2003,120239.4547
1744,4,1,2,1993,294941.0477
2444,3,2,1,2017,244314.6838
2759,3,1,0,1997,350519.546
2524,3,2,2,1994,281067.616
1054,4,1,0,2002,120847.049
2977,5,2,1,2005,260219.0767
1518,4,1,0,2012,165410.3202
2848,3,3,0,2014,258210.7549
1719,3,2,1,1999,224736.1492
1483,3,2,2,1995,195723.9575
2251,2,3,2,1997,254485.4004
1622,3,3,2,2008,164581.1775
1159,5,1,1,1997,130081.6704
1224,4,2,0,1990,145308.8431
1728,2,1,1,2014,182873.8177
1615,2,2,0,2019,117726.633
1194,2,3,1,1991,102256.4156
2948,3,2,2,2000,305239.5505
1488,3,3,0,2005,181957.2564
1156,3,3,0,2002,160003.9774
1609,3,2,0,1991,195354.5068
2249,4,2,0,2006,302032.2191
1470,2,2,2,2000,81451.72077
2241,5,2,2,2016,339100.1394
1515,5,3,0,2006,183054.3521
2127,3,1,1,1993,216363.5266
1630,5,2,0,2013,215368.5641
1979,2,2,0,1997,83132.63112
2354,2,3,1,2015,227367.4667
2823,2,1,0,1990,349502.4203
1277,2,2,1,2020,123187.4805
2552,2,1,2,1998,324238.1554
2515,4,2,2,1998,227057.2134
2222,5,2,2,2011,239090.2928
2464,4,1,1,2014,293630.7406
2417,2,1,2,2016,228590.4088
1506,3,1,1,2008,127399.1275
2324,4,2,2,1991,296538.4525
1460,3,3,0,1998,83633.29464
2716,4,1,1,2002,271715.6084
1455,4,1,0,2015,133845.7039
2091,2,3,1,2002,313089.201
2006,2,2,0,2000,174123.8146
1862,3,2,2,2015,242890.4807
2856,5,2,2,2015,260148.115
2710,3,3,1,1994,278877.9754
1563,5,2,0,2020,181083.9602
2461,3,3,1,2000,234205.531
2265,4,2,2,2017,285445.2142
2619,3,1,1,2020,310576.7446
2589,2,3,2,2012,272626.3742
2696,3,1,2,1992,350824.4818
1945,5,2,2,2021,216536.0236
2946,3,1,2,2004,248769.8959
2761,3,2,1,2021,198973.6868
2581,3,3,0,1992,224980.3644
2317,5,1,2,2018,150533.168
1209,3,3,1,2002,204315.5968
1713,2,3,1,2000,141119.4653
1002,2,1,0,1992,192662.2755
1989,4,2,2,2007,219218.2507
2541,4,3,2,2002,258815.708
2451,3,3,1,1992,237055.0882
1619,5,3,1,1995,232831.1641
2744,5,3,0,2000,306275.9163
2775,3,2,0,1994,192575.6758
1862,3,3,0,2010,126707.0229
2515,5,3,0,2018,276150.5118
2704,5,3,0,1993,319494.5715
1271,5,2,2,1999,117391.745
1579,4,2,0,2004,58678.52808
2890,2,2,2,1993,367156.3153
2275,5,2,1,2018,279048.6154
1559,3,1,1,2011,211644.1144
2855,4,2,2,2018,325182.0668
2016,3,2,2,2001,205280.2233
2162,5,1,0,1993,296209.1617
1356,3,1,2,2016,137769.9922
2042,3,2,0,1992,300444.1732
2413,5,3,1,1991,261996.1284
2296,5,3,0,2020,293362.5847
1618,2,3,0,2000,188472.1929
2834,3,3,1,2014,390263.0302
1244,5,1,2,1997,140879.5228
1929,3,1,2,2015,212606.8829
1007,4,2,1,2008,28575.44237
1477,5,3,2,2018,169458.9387
1832,2,2,1,2001,128044.9406
1186,3,2,1,2003,156410.4076
2877,5,2,1,2004,252999.2888
1092,5,1,1,1996,78766.34111
1085,2,2,2,1998,122304.1244
2067,3,3,0,2011,231943.9359
2636,4,3,0,1994,282103.2897
2535,2,2,2,1998,259548.3569
2179,2,2,1,1991,170880.9703
2278,4,2,2,2010,268427.4315
2787,3,3,1,2001,385114.6075
1871,5,1,1,2008,217548.5679
1455,4,2,0,2004,125522.4098
1888,5,1,0,2021,303453.816
1348,4,2,2,2012,73456.37936
1739,4,3,2,2001,164316.1297
1666,3,2,0,1999,259457.7876
2522,2,2,1,2016,249565.6998
1128,3,2,1,1995,85870.29711
1604,3,2,1,2021,234023.0648
1326,4,3,1,2015,118883.9305
2776,3,2,1,2001,248610.119
1979,3,2,1,1993,310446.7828
2629,3,1,2,2003,296077.3277
2698,2,2,0,2001,337175.6266
2634,5,3,0,2007,232377.8689
2648,4,2,2,2018,202012.2982
2382,4,1,0,2019,307767.7818
2626,2,1,2,2007,262250.1524
1273,2,3,0,1990,210033.6304
1115,5,1,0,2019,123758.3668
1692,3,2,0,1992,186995.4751
2105,4,2,2,1996,163527.3115
2792,2,3,2,2009,368927.9485
2878,2,2,0,2013,354639.2485
2289,4,1,1,1995,257865.8567
1314,5,3,2,2008,257145.626
2738,4,1,0,2019,339175.8426
2064,2,3,2,1997,260423.7214
2924,5,3,2,2012,280989.3302
2216,3,2,0,1992,245738.5392
1353,2,1,0,1990,57117.79941
2015,3,2,1,2001,167712.6289
2279,4,2,2,1993,305358.5689
1660,3,2,1,1990,181248.5883
1587,3,1,0,2007,255335.3236
2906,5,2,2,2000,318811.2946
1402,4,2,0,2003,158405.1844
2132,2,1,1,1996,188749.8055
1699,4,1,1,1994,253277.798
1198,5,1,1,2002,129437.4643
2326,4,3,0,2016,258213.5782
1326,2,3,0,2015,171488.9902
1153,3,2,2,2013,195791.0325
1551,4,2,2,1993,251224.3173
2668,5,2,2,1997,247180.5916
1461,4,1,0,2014,179343.987
2422,2,1,2,2003,216802.6982
1753,3,2,1,2015,111573.5741
1220,5,2,2,1995,84837.54179
2927,5,2,1,2017,199203.6807
2391,3,3,1,2020,232121.0152
1614,2,1,0,2001,179974.2602
1474,3,3,2,2012,188375.9744
1270,5,1,2,1996,150022.3959
2920,3,1,0,1992,277449.5012
2982,5,3,0,2014,388457.3128
1188,2,2,2,1997,200283.4678
1993,2,1,1,2019,232802.5365
2976,5,3,2,2012,326156.1635
2271,5,3,1,2009,173401.4826
1627,3,3,0,2001,214118.9254
1180,4,3,1,1997,160646.4687
2853,4,1,0,2009,250468.1951
2784,5,3,0,2018,387397.4901
1565,3,1,0,2010,173855.001
2848,2,2,2,2011,244313.1014
2673,2,1,2,2007,256863.339
2638,3,3,0,1997,219048.242
2957,4,3,0,1990,258346.8474
2108,3,2,2,1994,232560.9298
2340,4,2,1,2005,227641.9607
2538,4,1,0,2009,225036.6671
1341,4,1,2,2000,237934.631
1843,5,3,2,2015,287023.8488
1419,4,2,2,2002,83897.51345
2849,3,1,2,2018,274217.201
1536,4,1,1,2007,232085.9789
2135,5,3,0,1991,270112.0816
2434,5,3,1,2005,301827.1984
2970,5,2,0,2010,395595.8797
1205,5,1,0,2011,92533.81917
2405,2,1,2,2014,257395.4603
1495,3,1,2,1992,139196.2224
2402,3,3,1,1996,236142.7437
2909,2,3,1,2012,314471.7371
2763,5,2,2,2011,337881.0409
2574,5,1,0,2021,273329.2277
1503,2,2,1,2007,205555.4961
2045,5,2,1,2006,207066.9825
1212,3,3,2,2006,170207.519
1309,4,2,2,2003,207758.6381
1271,2,1,1,1992,129432.7508
1031,4,2,1,1990,173626.6544
1442,3,3,1,2002,248669.5483
1161,5,2,1,1999,108547.4563
1766,2,1,2,2000,140492.2471
1520,2,3,2,2017,331308.8684
1976,5,2,0,2014,294480.8821
2583,2,3,2,1993,330090.101
1435,5,3,2,2014,115536.875
1752,5,3,1,2004,240483.1139
2214,5,2,0,2004,235309.4681
1894,3,1,1,2011,195114.1264
2119,2,1,1,1997,237252.588
2221,3,1,2,2010,224034.0065
2024,2,1,2,2003,161668.0932
1406,3,3,2,1995,99109.37524
1508,4,3,1,2006,91584.73302
1312,2,1,2,2012,44492.66694
1072,4,2,1,2004,167208.3357
2164,5,3,0,1990,174156.6915
1244,5,3,0,2018,128451.2528
2360,4,2,1,2004,255126.788
2598,5,3,0,2004,317665.539
1560,2,3,2,2001,82543.49299
2099,2,1,2,1996,196774.7452
1174,3,3,1,2016,111586.5703
1182,5,3,0,1991,148902.4833
1064,2,3,0,1990,73656.82395
2497,2,3,0,1994,390082.3219
1863,2,3,0,1992,221004.8363
2475,3,1,2,2021,258732.602
2937,5,3,1,2009,378084.4423
1042,2,3,1,2011,142127.9937
2442,5,2,2,1994,279336.7813
1077,5,2,2,1997,175929.0419
2293,4,3,1,1997,216710.2337
2923,4,2,0,2020,289726.0519
2874,3,1,0,2009,202049.9951
1992,3,1,2,2019,99779.25982
2968,3,3,1,2009,308064.9925
1338,3,2,2,1998,132339.6658
1192,4,2,2,2003,98630.4229
1282,4,2,2,2004,94325.00244
1658,4,1,0,1993,181615.6116
1715,3,3,1,2005,222181.0772
2112,2,3,2,1995,256971.0993
2683,4,1,0,2010,290648.8669
1427,4,2,2,2007,147020.8882
2045,2,3,1,2019,168944.0782
2975,3,1,2,2012,272721.2263
1374,3,1,0,2013,161201.184
2649,4,1,1,1997,270361.1607
2807,3,2,0,1996,378397.7667
2014,2,3,2,1993,243266.0814
1594,2,1,0,2009,208580.3503
2202,5,2,0,2008,187296.2695
1499,3,1,2,2012,122134.092
1463,4,3,0,2014,165601.5122
2924,4,3,0,2009,333722.4241
1139,5,1,1,1994,158604.1136
2120,3,2,2,1991,181985.6363
1568,2,2,0,2015,122681.2318
2092,4,1,1,2002,211540.3996
1117,3,1,2,1990,48966.61621
2082,4,3,1,2018,263213.4779
2056,3,3,2,2013,261580.478
1725,3,2,0,2004,175426.2687
1196,3,3,2,1998,166962.7326
1558,5,3,0,2019,171407.8112
2164,5,1,0,2016,264051.6064
2717,3,1,0,2019,330231.0759
1390,2,2,1,2013,99622.32917
1214,3,2,2,1996,102438.3752
1214,4,2,2,2006,95156.55497
2426,2,3,2,2001,268558.1427
2845,3,1,1,2005,404914.6021
1403,3,2,2,2017,103702.0091
1568,5,1,1,2004,288763.533
1217,5,3,2,2004,186778.1093
2692,3,1,1,2000,313948.5673
1201,5,2,0,2004,41107.08896
2435,5,2,0,2010,335501.3126
2341,2,1,2,2020,190379.3827
2491,2,3,0,1990,297829.1489
2968,5,1,1,2008,359785.4788
2754,4,3,0,1992,262997.9041
2227,5,1,1,2005,229610.751
2826,2,1,0,1999,287405.3098
1207,3,2,2,2009,179100.1659
2659,2,2,1,1991,299085.5888
1585,4,1,1,2003,275992.8793
2962,5,2,1,2001,342085.2904
2318,5,1,0,2009,211335.7325
1218,4,1,1,2016,139304.8905
1668,4,1,0,2010,238051.2577
1019,3,3,0,2011,80398.11486
1949,3,2,0,2016,126068.0546
1147,4,2,0,2020,173677.0382
1595,2,3,1,1993,196042.0509
2437,3,1,2,2018,208864.3431
2332,4,1,0,2002,255097.7633
1801,2,1,2,2018,209130.4297
2157,5,3,2,2009,200366.4608
2742,3,2,0,1997,232748.551
2306,5,1,2,2020,217473.8853
1072,2,3,1,2017,148199.5922
1480,2,3,0,1992,233720.3647
2349,2,3,0,1999,214654.6589
1099,5,3,0,2021,188832.9231
2082,2,3,2,2012,290438.8995
1507,4,1,1,2018,238221.8723
1257,5,1,0,1993,184030.4187
1412,4,3,1,2000,192236.9564
2475,5,1,0,1999,326369.8044
2088,2,1,1,2013,223631.5493
1820,2,3,1,2000,235419.5179
2102,4,3,1,2000,195283.3463
2338,5,2,0,2020,252925.9785
1946,3,1,1,2010,279014.2694
1916,5,3,2,2007,157396.8818
2813,3,1,2,1992,327409.3859
1609,4,2,2,2016,249492.2596
1283,2,2,2,1991,189833.6668
2030,4,2,0,1990,228107.2463
2160,3,3,0,2017,197441.9172
1045,5,1,0,2016,109488.0262
1927,5,1,2,2020,245965.0178
2189,4,3,1,2004,277765.855
1656,3,2,2,2013,192249.2047
2818,5,2,0,2020,385294.3609
1689,4,1,2,2007,193520.7999
2779,4,2,2,1999,297359.5801
2530,5,3,0,1997,213561.0889
1366,3,1,2,2005,162569.1521
2294,4,2,0,1999,310564.1227
2946,5,1,2,2006,362478.8768
2945,3,2,2,2007,381782.8457
2271,3,1,0,1997,266465.8548
1859,3,3,0,2001,292622.4002
1042,5,2,0,2015,124613.1429
1376,5,3,0,2005,123162.168
1211,3,1,2,2003,120201.2467
2516,2,2,2,2007,266620.4693
2459,2,2,1,2006,247044.8112
2070,5,2,1,2013,239302.1084
2023,2,2,2,2009,225091.4582
2598,2,1,0,1993,215874.1555
1298,3,3,0,2009,113438.201
1943,2,2,1,2015,262290.9869
1962,5,3,1,2007,222883.4117
2853,5,1,1,2002,315960.416
2337,5,1,2,2000,188588.8287
2184,3,1,0,2007,198915.6919
1330,5,1,2,2020,92105.3594
2629,5,2,2,1993,287383.3621
2673,2,3,1,1999,324690.1114
1638,2,1,0,1993,147884.5657
1274,4,3,1,2007,112190.1666
2466,2,2,1,2014,278710.6119
1503,4,1,0,2004,234186.1867
2709,5,1,2,2018,375384.6304
2993,3,2,1,2010,294865.3503
1832,3,3,0,2009,195377.9248
2911,2,2,1,1998,261941.3379
1602,2,2,0,1996,249286.4902
2773,5,3,1,2007,374542.2953
2096,2,1,0,2013,239263.1466
1389,4,3,1,2000,129508.2515
2642,4,2,0,1995,286079.7944
1294,2,2,2,1999,221860.4466
2979,5,3,2,2001,270830.6959
1795,2,1,1,2013,196772.9228
1864,5,1,0,2010,190925.3696
1548,3,2,0,2001,203150.2051
1648,2,1,0,1990,55311.42337
2873,5,2,1,1992,389565.427
1567,3,1,2,2017,227769.8786
1444,3,3,2,2021,94048.66474
2593,3,3,0,2008,308411.2602
1122,2,1,0,1998,192143.6768
1741,2,2,1,2001,288267.6419
1679,5,3,0,2004,149181.8345
1419,5,3,0,2018,308380.9345
2649,5,3,1,1997,247283.0335
2275,4,2,2,1994,219540.1069
2572,3,1,2,2010,264609.8483
2358,5,1,2,1995,384390.8891
1091,5,2,1,1995,145484.9788
2553,2,1,0,2017,279947.6352
1511,5,1,1,2002,114105.4619
2208,5,3,0,2006,187653.0528
1771,5,2,1,2012,297283.4583
2237,5,2,1,1997,226449.9042
1255,3,2,0,2002,99999.619
2596,4,2,1,2012,239428.6069
1087,5,3,1,2019,182313.7831
2230,2,3,1,2021,306654.6648
1973,3,1,1,1996,200293.7969
1933,4,2,2,1998,211630.0697
1120,2,2,2,1993,172196.5647
2637,5,3,2,2011,279132.8168
2007,3,2,0,2005,283610.3116
1924,5,1,2,2019,160862.1804
1454,5,1,1,2014,106334.8714
1962,3,2,1,2009,233744.534
1302,5,2,1,2019,205542.9307
2618,5,1,2,1996,347996.3574
1802,5,3,1,2021,262092.7863
1139,4,3,1,1994,95252.65869
2467,4,3,2,1990,309923.2431
1311,5,2,2,1990,104735.9361
1745,2,3,0,2003,265867.7578
2688,4,1,2,1996,210964.1519
1060,5,1,1,2013,232754.3435
2342,3,2,2,1997,219998.8974
2913,5,2,1,2012,210091.6432
2879,4,3,1,1993,366588.398
1152,2,2,0,1997,175065.9229
2772,3,2,2,1996,274491.3663
2837,3,2,0,2019,331722.021
2887,5,2,0,2000,297068.2174
2412,2,3,0,1994,260456.4657
2385,4,3,2,2002,250383.1685
1806,5,1,0,2016,95723.10422
1096,5,2,0,2005,112749.4459
1136,2,2,0,1991,116585.2335
2029,4,2,1,1998,171796.326
1546,2,2,2,2012,145860.2684
1424,3,2,2,1992,99765.79425
2449,2,1,2,2013,302372.4018
1075,3,2,0,2001,108699.8023
2700,4,2,1,2014,301624.8955
2581,4,3,1,1997,250281.962
2395,4,1,0,1991,222034.7399
2068,4,3,1,2020,200093.3382
2424,3,2,1,2006,295564.0411
2639,5,2,1,2020,208749.9437
1596,4,1,2,2013,171445.8455
1484,3,3,0,2009,206629.16
2041,2,2,2,1993,230225.8696
1757,4,1,0,1991,250475.3263
1288,4,3,0,2020,140063.256
2437,4,3,1,2020,235727.1604
1720,2,3,2,2000,203739.4573
1234,2,2,1,1993,131819.7447
1415,4,2,2,1993,188995.8169
1937,5,1,2,2003,229122.1593
1498,5,2,0,2008,166968.2485
1973,4,2,2,1993,232805.2251
1633,3,3,1,2008,225601.1685
2019,4,2,1,1998,133337.5805
1931,3,1,2,2021,175103.7892
2563,5,1,1,1994,259590.5801
1205,4,3,0,2001,137144.2576
1246,3,1,2,2014,128792.2573
2582,3,1,2,1993,292861.3632
2150,4,2,1,2020,171253.2808
1146,2,1,0,2017,173374.29
2405,2,3,0,2002,246165.8701
1411,4,3,1,2011,168690.5231
2687,4,1,1,2000,360746.9179
1362,2,2,2,2004,244636.2509
2312,2,3,0,1994,207899.736
2504,3,3,1,2010,242087.4433
1018,2,2,1,2002,186445.3311
1194,2,3,2,2002,152881.3637
1329,5,3,1,2006,102460.5033
2959,2,3,0,2016,270778.4036
1448,3,2,0,2015,187703.5701
2948,3,1,2,1998,327990.611
2522,5,2,1,2001,312479.8745
2456,2,2,0,2017,235489.341
1244,4,3,2,2012,179966.5742
1831,4,2,2,1990,172843.2527
2340,4,2,0,2005,277796.9778
1639,4,2,0,2014,224942.313
2305,2,2,1,1994,201288.3804
1016,5,2,0,1997,13803.68406
1070,2,2,1,1992,111628.683
2817,2,2,0,2020,234939.5574
1304,4,2,1,2019,259968.4336
2337,5,2,1,1998,264284.4426
2776,4,1,2,2015,309897.7219
1170,5,1,2,2017,176484.6218
2560,2,1,1,2013,268347.7956
2410,3,3,2,1995,312072.8704
2652,2,2,0,2017,356229.4326
2403,3,1,2,2019,269559.5732
1024,2,2,2,2005,134253.8567
2845,3,3,2,2009,322841.6762
1667,5,2,1,2000,144617.6566
2856,2,1,0,1993,317740.1682
2621,3,1,1,1996,234113.5417
1629,5,3,1,2011,215847.1251
1717,3,3,0,2013,218583.9793
1541,2,2,2,2004,143249.9586
1056,2,2,1,2000,145430.3472
2255,4,3,1,2010,302093.8856
1434,2,1,0,1997,85994.74469
1559,2,1,0,1992,237333.2771
1715,4,3,0,1993,161428.2997
1750,2,1,1,1996,91649.0299
1731,5,3,2,2018,188531.716
1115,3,3,2,2011,115534.843
1824,2,3,1,2016,161573.527
2072,2,1,1,1994,260953.5883
1081,4,3,0,1993,55943.19877
1833,4,1,1,2013,114381.5956
1332,5,1,0,2014,65452.4489
1556,2,1,0,2021,266677.6415
1220,3,3,0,2018,219741.8877
2769,2,1,0,2006,204033.2436
2874,5,1,0,1997,213460.4931
2717,3,2,1,1995,327777.2018
1205,2,3,0,1994,175508.0694
2855,2,2,1,1993,360463.253
1643,4,1,1,2017,193250.9267
2530,4,1,1,2000,294923.3236
1842,3,3,1,1998,131713.1123
2145,4,2,2,1992,191037.5426
2437,2,3,1,2015,280248.0434
2085,4,2,2,2016,238667.807
2279,5,1,2,1996,260991.6378
1904,4,2,0,2000,225182.8984
2147,4,2,1,2008,239863.422
1718,3,3,1,1997,135566.2847
1249,2,3,0,2000,62076.81866
1313,3,2,2,1999,149857.4139
2853,4,2,0,2008,253163.3932
1806,4,3,1,1990,165109.7784
2337,5,2,0,2010,321211.5754
2523,2,1,0,1991,308746.9343
2727,5,3,2,2019,277058.1227
2564,4,2,0,1999,264861.4834
1570,2,3,1,1991,191219.7183
1582,2,1,0,1994,175774.1599
2115,4,2,2,2010,199679.4995
1219,2,1,0,1996,120305.2597
2925,4,3,0,1997,330800.1986
1924,3,3,1,2009,192676.5018
1400,2,1,0,2015,115401.1745
2423,2,1,1,2002,244821.8906
1726,5,1,0,2014,174249.0587
1990,5,2,0,2014,231721.4276
2599,3,1,2,2004,249253.5659
1857,2,2,2,2012,198515.546
1803,3,2,2,2012,202184.6792
1489,2,3,1,2015,250672.4108
2780,4,1,2,2011,351950.6785
2597,5,2,2,2012,294775.0851
1053,5,3,2,1994,223625.9219
2543,2,2,0,2016,203430.7682
2260,4,2,0,1995,287286.0643
2629,3,1,0,2010,345842.6213
1733,3,2,0,1993,172533.1898
1715,3,3,2,2012,186845.7148
1394,4,1,2,1998,177526.8158
2753,4,3,0,2002,313822.9205
1513,5,2,0,2011,249369.9606
2201,2,3,0,2003,220630.7607
1370,5,2,1,1994,182034.8486
1061,5,3,0,2008,112315.2658
2829,5,1,1,2015,304269.1581
1504,5,1,2,2011,145880.0615
1238,3,2,2,1997,148868.7399
1194,2,2,1,1990,149618.2193
2245,4,2,1,1994,288371.9589
2152,3,3,2,1998,301212.4016
1989,2,1,0,2018,336142.4301
1684,2,1,2,2019,257191.1559
1155,4,3,2,2014,72174.66867
2940,4,3,2,1991,349308.4585
2645,5,1,0,2001,260852.9743
1998,5,3,1,2006,200724.2046
2892,2,3,2,2006,309376.6233
1160,3,1,2,1991,63251.56924
2563,3,1,1,2019,283748.9024
1391,4,3,2,2007,186243.3701
1533,5,1,1,1998,139397.5047
1404,3,2,2,2011,185491.1196
2698,3,1,2,1993,366707.7077
2540,4,2,0,2000,318355.606
1827,2,3,2,2000,175974.9861
2711,2,1,1,1997,250281.5309
2790,4,3,0,1990,350448.1938
2948,2,1,0,2011,382541.3752
1454,4,1,0,2012,86068.78519
1103,4,1,0,2018,22130.48727
1076,5,2,1,2010,177437.0213
2281,5,2,1,2008,269947.3929
2205,5,2,2,1995,273606.6152
1892,4,3,0,2007,286678.1081
2791,2,1,1,2014,360976.9442
1026,5,3,1,2021,125993.7953
2299,4,2,1,2010,250752.0956
2675,3,2,1,2001,360404.3837
1298,5,3,0,1998,159902.052
1798,5,2,0,2004,295225.7957
2114,3,2,1,1993,244990.1892
1479,2,3,0,1994,193722.8374
1572,3,1,2,2016,158587.0149
1457,3,3,0,2008,199919.2953
2474,2,3,1,2011,305948.2626
2698,5,1,0,2017,340410.2544
1350,3,2,0,2007,238142.8949
2678,5,3,2,1994,300504.7568
2423,5,2,2,2021,199085.8925
1802,2,3,0,2017,87173.06959
2011,5,3,1,2021,323189.8637
1916,2,1,1,2008,259388.9062
1498,3,1,1,2019,230906.5203
1949,4,3,1,2020,254536.6748
1507,3,3,2,2016,128286.1103
2327,4,3,0,1994,224392.6391
1597,4,1,2,2016,166058.8198
2438,2,1,0,2007,242187.9725
1461,3,3,1,2013,145843.7863
1113,3,1,2,2010,149488.4699
2456,2,1,2,2001,198804.3756
1991,2,2,2,2002,188172.2351
1206,3,3,0,2012,134717.2564
2258,5,3,1,2011,245017.6464
2465,3,1,0,2021,298124.6831
2378,3,2,0,2012,273121.6699
2231,5,1,1,1997,250274.3097
2876,3,3,0,2005,267648.5147
2148,4,1,0,2011,224196.7666
2596,4,1,2,1995,281897.8076
2564,2,2,0,1995,323635.2747
1382,5,3,1,2021,110209.1806
1018,3,2,0,1991,133326.7903
1682,2,3,1,1996,148689.9472
1073,4,3,0,1997,133780.4527
1938,2,3,0,2003,293767.6093
2688,5,1,0,2008,303176.4539
2071,2,3,0,2018,190118.2818
1650,3,3,0,2015,260343.2456
1694,5,1,1,2010,259780.2536
2732,5,2,2,2010,342146.8067
2586,5,1,1,2007,272703.329
2684,4,3,0,2009,302199.6797
2585,2,1,0,2002,208821.4855
2944,5,3,2,2005,355540.2648
2738,3,3,2,2000,272552.4399
1287,4,3,1,2009,89044.74632
2930,3,1,0,2010,329800.0993
1188,2,1,2,2020,134834.9497
2590,5,2,0,2000,287768.9366
2745,3,2,2,1994,285328.4917
1470,4,3,0,2015,163433.061
2448,4,2,1,2001,294770.3968
2000,4,3,0,2009,286478.955
1917,4,1,1,1992,207358.6534
2874,5,2,0,2004,362942.6372
1832,3,1,2,1992,142093.1326
2087,3,1,0,2020,266087.0582
2678,5,1,0,2013,218049.946
2749,2,1,1,1993,281058.2301
1942,2,1,1,2006,163842.0141
1092,2,3,2,2015,242721.9145
1429,2,1,0,1998,135132.3265
1653,2,1,2,2007,178107.3404
2135,5,2,2,2005,328219.791
2952,5,2,1,2005,305405.6997
2066,5,2,0,1994,251459.158
1779,4,1,0,1993,123279.0126
2141,5,1,1,2018,263274.6033
2245,3,3,0,1991,338338.9533
1642,2,3,2,2008,176616.2199
2179,5,2,2,2014,189254.2698
2207,4,2,0,2016,242295.0342
2461,5,1,0,1994,367216.8921
2991,3,2,2,1994,230683.1499
